"name","country","mail"
"21st Century Publishing Group Co., Ltd","China","click1999@tom.com"
"3 Abejas S.A.","Mexico","aguilarsalas@yahoo.com"
"Editions Les 400 Coups","Canada","s.dejocas@editions400coups.com"
"A Buen Paso","Spain","ariannasq@gmail.com"
"A dos d'âne","France","contact@adosdane.com"
"A pas de loups","Belgium","contact@apasdeloups.com"
"A Walk through History","Russia","editor@peshkombooks.ru"
"A Walk through History","Russia","editor@peshkombooks.ru"
"Aadarsh Pvt. Ltd.","India","smita@aadarsh.com"
"A-BA-BA-HA-LA-MA-HA Publishers","Ukraine","tmalkovych@gmail.com"
"A-BA-BA-HA-LA-MA-HA Publishers","Ukraine","tmalkovych@gmail.com"
"ABC Forlag","Denmark","info@abc-forlag.dk"
"ABC Melody Editions","France","info@abcmelody.com"
"Abimo Publishers","Belgium","info@abimo.net"
"Abimo Publishers","Belgium","info@abimo.net"
"Abrams","USA","rights@hnabooks.com;elasala@abramsbooks.com"
"Editorial Abrete Sésamo","Argentina","jimena@editorialabretesesamo.com"
"ACME Cultural Enterprise Co., Ltd.","Taiwan","yttiffany@hotmail.com;samchuang2002@gmail.com"
"Actes Sud Junior","France","junior@actes-sud.fr"
"Advance Publishing","USA","info@advancepublishing.com;"
"Advocate Art Ltd.","Great Britain","olga@advocate-art.com;nick@advocate-art.com;edward@advocate-art.com"
"Afrilivres / Abis Editions","Senegal","abiseditions@yahoo.com"
"Agaworld Co. Ltd.","Korea","erica@agaworld.com"
"AGO média","Togo","agooo@live.fr;paulinassem@yahoo.fr"
"L'Agrume","France","contact@lagrume.org"
"Ahoiii Entertainment","Germany","mail@ahoiii.com"
"Ahoiii Entertainment","Germany","mail@ahoiii.com"
"AK Publishing HK Limited","Hong Kong","almond@ak-publish.com"
"Yanbow Al Kitab","Morocco","yanbowalkitab@gmail.com"
"Yanbow Al Kitab","Morocco","yanbowalkitab@gmail.com"
"Al Qasimi","U.A.E.","faisal@sibf.com"
"Aladdin Books Ltd","Great Britain","sales@aladdinbooks.co.uk"
"Aladin Verlag GmbH","Germany","info@aladin-verlag.de"
"Albatros Media a.s","Czech Republic",""
"Albert Whitman &amp; Company","USA","int@albertwhitman.com"
"Albin Michel Jeunesse","France","amj@albin-michel.fr"
"Alfabeta Bokförlag AB","Sweden","info@alfabeta.se"
"Algonquin Young Readers","USA","international.inquiries@workman.com"
"Alice Jeunesse","Belgium","info@alice-editions.be"
"Ali-Ink","Australia","ali@ali-ink.com.au"
"Allen &amp; Unwin Pty Ltd","Australia","info@allenandunwin.com"
"Alma littera","Lithuania","a.akstiniene@sviesa.lt"
"Alvilda","Denmark","forlaget@alvilda.dk"
"Alzzam Education","Korea","janetkim.4137@gmail.com"
"Editorial Amanuta","Chile","contacto@amanuta.cl"
"Amapola Editores","Chile","contacto@amapolaeditores.cl"
"Amaterra","France","editions.amaterra@amaterra.fr"
"Amazon Children's Publishing","USA","foreignrights@amazon.com"
"Amber Books Ltd (Tiptoe Books Ltd)","Great Britain","rights@amberbooks.co.uk"
"Ameet Sp. z o.o","Poland","ameet@ameet.pl"
"American Collective Stand","USA","info@americancollectivestand.com"
"A.M.K. (Service) Agency Ltd","Great Britain","barbara@amk.org"
"A.M.K. (Service) Agency Ltd","Great Britain","barbara@amk.org"
"AMP srl","Italy","info@magicpad.it"
"Andana Editorial","Spain","andana@andana.net"
"Andersen - Feguagiskia' Studios","Italy","andersen@andersen.it"
"Andersen Press Ltd.","Great Britain","SPakenham@penguinrandomhouse.co.uk"
"Âne bâte Édiotions","France","anebate.editions@gmail.com"
"Anhui Children's Publishing House","China","ahserui@foxmail.com"
"Anness Publishing Ltd.","Great Britain","info@anness.com"
"Annick Press Ltd.","Canada","gaynat@annickpress.com"
"Anno Domini Publishing Limited","Great Britain","davidv@ad-publishing.co.uk;annetter@ad-publishing.co.uk"
"Antares LTD","Armenia","antares@antares.am"
"Antares LTD","Armenia","antares@antares.am"
"Ant's Books","Italy","info@antsbooks.it"
"AppGeneration","Portugal","info@appgeneration.com"
"AppGeneration","Portugal","info@appgeneration.com"
"Applebee Publishing Inc.","Korea","sun4889@applebeebook.com"
"Les Apprentis Reveurs","France","contact@apprentisreveurs.com"
"Arab Children's Book Publishers Forum","U.A.E.","acbpf@yahoo.com"
"Arbeitsgemeinschaft von Jugendbuchverlagen e.V. (avj)","Germany","info@avj-online.de"
"Arbeitskreis für Jugendliteratur e.V.","Germany","info@jugendliteratur.org"
"Archive Factory","Korea","contact@archivefactory.co.kr"
"Archive Factory","Korea","contact@archivefactory.co.kr"
"Arcturus Publishing Ltd","Great Britain",""
"Arena Verlag Gmbh","Germany","lizenzen@arena-verlag.de"
"Cámara Argentina del Libro","Argentina","mmengucci@editores.org.ar"
"Argentina-Export Promotion Agency-Fundación Exportar","Argentina","aperetti@exportar.org.ar"
"Ariella Verlag/ Ariella Books","Germany","halberstam@ariella-verlag.de"
"Aries","France","celine@aries-esi.net"
"Edizioni Arka srl","Italy","arka@arkaedizioni.it"
"Ars in Fabula","Italy","info@arsinfabula.com;info@fabbricadellefavole.com"
"arsEdition GmbH","Germany","verlag@arsedition.de"
"Art &amp; Collection Group","Taiwan","bogu@artouch.com"
"Art Forum","Slovakia","vydavatel@artforum.sk"
"Art Forum","Slovakia","vydavatel@artforum.sk"
"Art Stories srl","Italy","federica.pascotto@artstories.it"
"Art Stories srl","Italy","federica.pascotto@artstories.it"
"Edizioni Artebambini snc","Italy","info@artebambini.it"
"Artes de México y del Mundo, S.A. de C.V.","Mexico","artesdemexico@artesdemexico.com"
"H. Aschehoug &amp; Co. (W. Nygaard)","Norway","post@aschehoug.no"
"Associació d'Editors en Llengua Catalana","Spain","info@editors.cat"
"Association of Young Authors in Korea","Korea","zenastar@naver.com"
"Associazione Autori di Immagini","Italy","info@autoridimmagini.it"
"Mattoni a Fumetti per i Terremotati dell'Emilia","Italy","info@massimobonfatti.it"
"AIB - Associazione Italiana Biblioteche","Italy","segreteria@aib.it"
"Associazione Italiana Editori","Italy","aie@aie.it"
"Associazione Tapirulan","Italy","info@tapirulan.it"
"Astra Publishing","Ukraine","nani@astradesig.com.ua"
"The Astrid Lindgren Memorial Award","Sweden","literatureaward@alma.se"
"Ática/ Scipione","Brazil","paulo.verano@abrileducacao.com.br"
"Atlantis Verlag im Orell Füssli Verlag","Switzerland","sindhya.bergamin@ofv.ch"
"Atlantyca Entertainment","Italy","ilariacassano@atlantyca.it"
"Atrium Verlag AG","Switzerland","r.reichstein@verlagsgruppe-oetinger.de"
"Australian Licensing Corporation (A.L.C.)","Australia","maryhare@alc-online.com"
"Australian Publishers Association","Australia",""
"Austrian Federal Economic Chamber","Austria","marion.tschernutter@wko.at"
"Autêntica Editora","Brazil","angela@grupoautentica.com.br"
"Authorization And Troika Books Ltd","Great Britain","martin-west@btconnect.com"
"Autrement Jeunesse","France",""
"Autumn Publishing","Great Britain","enquiries@autumnpublishing.co.uk"
"Editions Auzou - EDI","France","aurelia.hardy@auzou.com"
"Averbode Publishers","Belgium","info@verbode.be"
"Averbode Publishers","Belgium","info@verbode.be"
"Award Publications Ltd.","Great Britain","info@awardpublications.co.uk"
"AZ Books, LLC","USA","info@az-books.com"
"b small publishing Ltd.","Great Britain","books@bsmall.co.uk"
"B.Jain Publishers Pvt Ltd","India","nitin@bjain.com;anish@bjain.com"
"B4U Publishing s.r.o.","Czech Republic","jitka.albrechtova@b4upublishing.com"
"Babalibri srl","Italy","info@babalibri.it"
"Babel Libros S.A.S.","Colombia","libros.babel@gmail.com"
"Babidi-Bú","Spain","adm@babidibulibros.com"
"Bnc Co.,ltd.","Korea","little19@naver.com"
"Bacchilega Junior Mosaico Cooperativa","Italy","info@bacchilegaeditore.it"
"Baeckens Books","Belgium","jos@baeckensbooks.be"
"Baeckens Books","Belgium","jos@baeckensbooks.be"
"Bakame Editions","Rwanda","info@bakame.rw"
"Bakmi Publishing House","Georgia","bakmipublishing@gmail.com"
"Bakur Sulakauri Publishing","Georgia","info@sulakauri.ge"
"Balance Rief","Switzerland","info@kalshoven-productions.de"
"Balivernes Editions","France","editions@balivernes.com"
"Ballon Media NV","Belgium","s.mertens@ballonmedia.com"
"Bamboo Edition","France","c.loiselet@bamboo.fr"
"Editorial Bambú, an imprint of Editorial Casals","Spain","rights@editorialbambu.com"
"Bandal","Korea","fallinnosto@hanmail.net"
"Bandal","Korea","fallinnosto@hanmail.net"
"Baobab","Czech Republic","baobabooks@gmail.com"
"Baobab Books","Switzerland","info@baobabbooks.ch"
"Editorial Barcanova, S.A.","Spain","barcanova@barcanova.cat"
"Barcelona Multimedia","Spain","directa@bcnmultimedia.com"
"Barrington Stoke","Great Britain","info@barringtonstoke.co.uk"
"Baumhaus Verlag in der Bastei Lübbe AG","Germany","juliane.anger@luebbe.de"
"Groupe Bayard","France","geraldine.hummel@groupebayard.com"
"Bayard Canada","Canada","gilda.routy@bayardcanada.com"
"Bayard Editions","France","geraldine.hummel@groupebayard.com"
"Bear Books","Korea","bear@bearbooks.co.kr"
"Bear Books","Korea","bear@bearbooks.co.kr"
"Beaver Books Publishing","Canada","sales@beaverbooks.ca"
"becker&amp;mayer! Books","USA","lisar@beckermayer.com"
"Editorial Beeme","Argentina","editorialbeeme@hotmail.com"
"Beijing Allied Fortune Printing Ltd","China","daniel@af-print.com"
"Beijing Language and Culture University Press","China",""
"Beisler Editore srl","Italy","info@beisler.it"
"Éditions Belin","France","anne.vignau@editions-belin.fr"
"Bellwether Media","USA","orders@bellwethermedia.com"
"Julius Beltz Gmbh &amp; Co. KG","Germany","info@beltz.de"
"Bendon, Inc.","USA","ccooke@bendonpub.com"
"Benjamins Media","France","contact@benjamins-media.org"
"Berbay Publishing","Australia","alexandra@berbaybooks.com"
"Berghs Förlag AB","Sweden","info@berghsforlag.se"
"Editorial Betina SRL","Argentina","info@editorialbetina.com.ar"
"BIBIANA - International House of Art for Children","Slovakia","bib@bibiana.sk"
"Biblioteca dei Leoni","Italy","office@lcedesign.com"
"Bibliothèque Nationale de France - Centre National de la Littérature pour la Jeunesse","France","cnlj-jpl.contact@bnf.fr"
"Bigini Reklame - The Nordic Collective Stand","Denmark","bigini@bigini.dk;linda@bigini.dk;birgitte@bigini.dk"
"Bigstar Global Co., Ltd","Korea","eshwang@bigstarglobal.com"
"Editora Biruta","Brazil","carolina@editorabiruta.com.br"
"Editora Biruta","Brazil","carolina@editorabiruta.com.br"
"BL Publishing Co., Ltd.","Japan",""
"Bloomsbury Publishing PLC","Great Britain","rights@bloomsbury.com"
"Blue Bird Books (Elmi-Farhangi Publishing Co.)","Iran","info@elmifarhangi.ir"
"Blue Line","Republic of South Africa","storycase@blue-line.io"
"Blue Line","Republic of South Africa","storycase@blue-line.io"
"Blue Ocean Entertainment AG","Germany","info@blue-ocean-ag.de"
"BoekieBoekie","The Netherlands","jm@boekie-boekie.nl"
"Boje Verlag in der Bastei Lübbe AG","Germany","juliane.anger@luebbe.de"
"Bokadeild Föroya Laerarafelags","Faroe Islands","bfl@bfl.fo"
"Bokförlaget Opal AB","Sweden","opal@opal.se"
"Bom Jesus Publisher","Brazil","editorabomjesus@bomjesus.br"
"Bombom Publishing. Co.","Korea","bbb@bombombook.com"
"Bombom Publishing. Co.","Korea","bbb@bombombook.com"
"Bompiani - RCS Libri Spa","Italy","paola.zelasco@rcs.it"
"Bonnier Rights / Bonnier Carlsen","Sweden","info@bonnierrights.se"
"Bonnier Publishing Ltd.","Great Britain","info@bonnierpublishing.co.uk"
"Bonnier Rights Finland","Finland","info@bonnierrights.fi"
"Book Expo America (BEA)","USA","inquiry@bookexpoamerica.com"
"Book Freight","Great Britain","info@bookfreight.com"
"Bookgoodcome Publishing Company","Korea","bookgoodcome@gmail.com"
"Bookgoodcome Publishing Company","Korea","bookgoodcome@gmail.com"
"Books Illustrated","Australia","info@booksillustrated.com.au"
"Bookworks LLC","USA","info@bookworksllc.com"
"Boomerang éditeur jeunesse","Canada","info@boomerangjeunesse.com"
"Borella srl","Italy","info@orsomago.it"
"Bosz","Poland","marketing@bosz.com.pl"
"Boxer Books Limited","Great Britain","db@boxerbooks.com"
"Boyds Mills Press","USA","international@highlights.com"
"Brancato Multimedia srl","Italy","fonzie@brancatomultimedia.it"
"Breitschopf Julius GmbH , Verlagsbuchhandlung","Austria","breitschopf.verlag@utanet.at"
"Brijbasi Art Press-Hello Friend","India","sanjayd@hellofriendbooks.com"
"Edicions Bromera","Spain","bromera@bromera.com"
"Bronze Publishing","Japan","naoko-t@bronze.co.jp"
"Brown Watson","Great Britain","books@brownwatson.co.uk"
"Editions Bulles de Savon","France","contact@editions-bullesdesavon.com"
"Bulls Presstjänst AB","Sweden","licensing@bulls.se"
"Button Books","Great Britain","mela@thegmcgroup.com"
"Vydavatelstvo Buvik, s.r.o.","Slovakia","buvik@buvik.sk"
"Vydavatelstvo Buvik, s.r.o.","Slovakia","buvik@buvik.sk"
"Calcium Creative Ltd","Great Britain","sarah@calciumcreative.co.uk"
"Calibroscopio Ediciones","Argentina","editorial@calibroscopio.com.ar"
"Calligram","Switzerland","commercial@calligram.ch"
"Istituto Callis Italia c/o Souza","Italy","info@istitutocallis.it;editorial@callis.com.br"
"Callis Editora","Brazil","editorial@callis.com.br"
"Cámara Boliviana del Libro","Bolivia","presidencia@camaralibrocbba.org"
"Camara Brasileira do Livro","Brazil","brazilianpublishers@cbl.org.br"
"Cámara Colombiana del Libro","Colombia","amartinez@camlibro.com.co"
"Cambridge School of Art, Anglia Ruskin University","Great Britain","pam.smy@anglia.ac.uk"
"Camelozampa","Italy","info@camelozampa.com"
"Livres Canada Books","Canada","info@livrescanadabooks.com"
"Cappelen Damm","Norway","rights@cappelendamm.no"
"Capstone","USA","customer.service@capstonepub.com"
"Editions Caramel","Belgium","jmdoultremont@caramel.be"
"Caramel Tree","Canada","angieroh@carameltree.com"
"Carl Sams II Photography, Inc","USA","carlsams@carlsams.com"
"Carlsen Verlag GmbH","Germany","info@carlsen.de"
"Carlton Publishing Group","Great Britain","jpacheco@carltonbooks.co.uk"
"Carthusia Edizioni","Italy","info@carthusiaedizioni.it"
"Editorial Casals","Spain","rights@editorialbambu.com"
"Il Castello Editore srl","Italy","laura.chiappella@ilcastelloeditore.it"
"Editions Casterman S.A.","Belgium","jbaron@casterman.com"
"Ediciones Castillo, S.A. de C.V.","Mexico","mmendia@grupomacmillan.com"
"Editrice Il Castoro srl","Italy","info@castoro-on-line.it"
"cbj Verlag","Germany","klaus.renner@randomhouse.de"
"Cedic International","USA","pedro@cedicbrasil.com.br"
"Centro per il libro e la lettura. MiBACT","Italy","c-ll@beniculturali.it"
"C'era una volta srl","Italy","info@ideapaolo.it"
"Changbi Publishers, Inc.","Korea","copyright2@changbi.com"
"Changbi Publishers, Inc.","Korea","copyright2@changbi.com"
"Changjiang Children' Press  Ltd.","China","yepeng0317@163.com"
"Chantecler","Belgium","export@znu.be"
"Charlesbridge Publishing","USA","masabia@charlesbridge.com"
"Cheeky Monkey Publishing Ltd.","Great Britain","peter@cheekymonkeypublishing.com"
"The Chicken House","Great Britain","chickenhouse@doublecluck.com"
"Child Honsha Co., Ltd.","Japan",""
"Children's Books USA, Inc.","USA","info@childrensbooksusa.com"
"Children's Fun Pulishing Company, Ltd","China","corporateweb@egmont.com"
"Children's Publications Co. Ltd.","Taiwan","cplemail@ms11.hinet.net"
"Child's Play (International) Ltd.","Great Britain","office@childs-play.com"
"China Children's Press &amp; Publication Group","China","zengyi@ccppg.com.cn"
"China Intercontinental Press","China","zhulili@cicc.org.cn"
"The ChoiceMaker Pty Ltd.","Australia","export@thechoicemaker.com;jane.kim@thechoicemaker.com"
"Chouette Publishing","Canada","foreignrights@editions-chouette.com"
"Chronicle Books","USA","frontdesk@chroniclebooks.com"
"Les Éditions du Chu Saint-Justine","Canada","ppattewilbert@wanadoo.fr"
"Cidcli S.C.","Mexico","elica@prodigy.net.mx"
"Ciranda Cultural","Brazil","sales@cirandaculturalpub.com;donaldo@cirandacultural.com.br"
"Ciranda Cultural","Great Britain","sales@cirandaculturalpub.com;donaldo@cirandacultural.com.br"
"Circonflexe - Millepages","France","info@circonflexe.fr"
"Círculo de Lectores","Colombia","cattor@circulo.com.co"
"Clavis Publishing","Belgium","info@clavisbooks.com"
"La Coccinella srl","Italy","trade@coccinella.com"
"Collage Editores S.A.S.","Colombia","info@collageeditores.com"
"Combel Editorial","Spain","rights@combeleditorial.com"
"Combined Book Exhibit","USA","info@combinedbook.com"
"CommonWealth Magazine Group","Taiwan","peiyingl@cw.com.tw"
"Compact Verlag Gmbh","Germany","giancarlo.russo@compactverlag.de"
"Companhia das Letras","Brazil","rita.mattar@ciadasletras.com.br"
"Editorial Comunicarte","Argentina","editorial@comunicarteweb.com.ar"
"Conad - Consorzio Nazionale Dettaglianti Società Cooperativa","Italy","scrittoridiclasse@insiemeperlascuola.it"
"Confucius Institute Headquarters","China","majianan@hanban.org"
"Consejo Nacional de Fomento Educativo","Mexico","acantu@conafe.gob.mx"
"Consejo Nacional de la Cultura y las Artes","Chile","gerardo.valle@cultura.gob.cl"
"Consulta Libri e Progetti","Italy","edizioniconsulta@virgilio.it"
"Coppenrath Verlag","Germany","info@coppenrath.de"
"Maurizio Corraini srl","Italy","info@corraini.com"
"Edizioni Corsare","Italy","edizionicorsare@gmail.com"
"Cortez Editora","Brazil","erivan@cortezeditora.com.br"
"Cosac Naify","Brazil","belcoelho@cosacnaify.com.br;vanessa.goncalves@cosacnaify.com.br"
"Cosac Naify","Brazil","belcoelho@cosacnaify.com.br;vanessa.goncalves@cosacnaify.com.br"
"Editions Courtes et Longues","France","info@cleditions.com"
"Crabtree Books","Canada","kelly_s@crabtreebooks.com"
"Creabooks Packagers","Italy","info@abooks.it"
"Creativamente srl","Italy","info@creativamente.eu"
"The Creative Company","USA","tjpeterson@thecreativecompany.us"
"Creators Factory International","Japan","kaguken@almond.ocn.ne.jp"
"Evenio d.o.o.","Croatia","info@evenio.hr"
"Evenio d.o.o.","Croatia","info@evenio.hr"
"Naša Djeca d.o.o.","Croatia","nasa-djeca@nasa-djeca.hr"
"Naša Djeca d.o.o.","Croatia","nasa-djeca@nasa-djeca.hr"
"Croatia - Chamber of Economy","Croatia","mgjeldum@hgk.hr"
"Mala Zvona d.o.o.","Croatia","info@mala.zvona.hr"
"Dakovacki Kulturni Krug","Croatia","cmirko87@gmail.com"
"Etno trend d.o.o","Croatia","nikolina.matetic@zg.t-com.hr"
"Udruga Sa(n)jam knjige u Istri","Croatia","monte.libric@sanjamknjige.hr"
"Sipar","Croatia","sipardoo@gmail.com"
"Naklada Ljevak d.o.o.","Croatia","naklada-ljevak@naklada-ljevak.hr"
"Algoritam d.o.o.","Croatia","veleprodaja.naklada@algoritam.hr"
"Mozaik Knjiga d.o.o.","Croatia","zoran.maljkovic@mozaik-knjiga.hr"
"Medit d.o.o.","Croatia","medit@pu.t-com.hr"
"Planetopija d.o.o.","Croatia","planetopija@planetopija.hr"
"Croatia - Ministry of Culture","Croatia","nevena.tudorperkovic@min-kulture.hr"
"Znanje d.o.o.","Croatia","redakcija@znanje.hr"
"Znanje d.o.o.","Croatia","redakcija@znanje.hr"
"My Magical Thoughts Ltd","Croatia","helena@helenabulaja.net"
"Naklada Nika","Croatia","rights@nakladanika.hr"
"Arte Insula","Croatia","manuela.vladic@gmail.com"
"Artresor Naklada","Croatia","kontakt@artresor.hr"
"Knjiga u Centru / The Book in the Centre","Croatia","dokic_ana@yahoo.com"
"Skolska Knjiga","Croatia","emica.calogjera@skolskaknjiga.hr"
"Hrvatska Djecja Knjiga - Croatian Children's Book","Croatia","info@hrvatskadjecjaknjiga.com"
"Editorial Cuarto Propio","Chile","marisol.cuartopropio@gmail.com"
"Cuberdon Books","Belgium","geert.serre@cuberdonbooks.com"
"Culture Platform Inc.","Korea","sensitivebear@gmail.com"
"Culture Platform Inc.","Korea","sensitivebear@gmail.com"
"Edizioni Curci","Italy","info@edizionicurci.it"
"Cyls Editores","Venezuela","cylseditores@gmail.com"
"Cyls Editores","Venezuela","cylseditores@gmail.com"
"Cyprus Association on Books for Young People","Cyprus","costaskatsonis@gmail.com"
"Daekyo Co., Ltd","Korea","changhoon_lee@deakyo.co.kr"
"Daekyo Co., Ltd","Korea","changhoon_lee@deakyo.co.kr"
"Dala Publishing Company","Taiwan","vinelle@locuspublishing.com"
"Dami International (an imprint of Giunti Editore spa)","Italy","redazioneragazzi@giunti.it"
"Dami International (an imprint of Giunti Editore spa)","Italy","redazioneragazzi@giunti.it"
"Danish Arts Foundation, Literature","Denmark","litt@kulturstyrelsen.dk"
"Dar Al-Sadeeq for publishing","Jordan","s.f.t@outlook.com"
"Dar Al-Sadeeq for publishing","Jordan","s.f.t@outlook.com"
"Dar Onboz","Lebanon","daronboz@gmail.com"
"Dar Onboz","Lebanon","daronboz@gmail.com"
"Dash Editora","Brazil","dasheditora@gmail.com"
"David West Children's Books","Great Britain","dww@btinternet.com"
"Davidsfonds/Infodok","Belgium","uitgeverij@davidsfonds.be"
"Davidsfonds/Infodok","Belgium","uitgeverij@davidsfonds.be"
"Daylight Publishing House","China","yddaylight@126.com"
"DC Entertainment","USA","sandy.resnick@dccomics.com"
"De Agostini Libri spa","Italy","comunicazione.deagostinilibri@deagostini.it"
"De Eenhoorn","Belgium","rights@eenhoorn.be"
"De Eenhoorn","Belgium","rights@eenhoorn.be"
"Ediciones De La Flor SRL","Argentina","delaflor@edicionesdelaflor.com.ar"
"De la Martinière Jeunesse","France","chartmann@lamartiniere.fr"
"Debit","Poland","wyddebit@bb.onet.pl"
"Editora Dedo De Prosa Ltda. EPP","Brazil","silvia@editoradedodeprosa.com.br"
"Deirdre Whelan Publishing Ltd.","Ireland","info@dwp.ie"
"Ediciones Del Eclipse SRL","Argentina","edicionesdeleclipse@gmail.com"
"Del Naranjo SRL","Argentina","a.avila@delnaranjo.com.ar"
"Editions Delcourt","France","tleroux@groupedelcourt.com"
"Deltas-ZNU n.v.","Belgium","export@znu.be"
"Design Kids","Korea","d4k903@naver.com"
"Design Kids","Korea","d4k903@naver.com"
"Design-Namoo","Korea","namoo8004@naver.com"
"Design-Namoo","Korea","namoo8004@naver.com"
"Deutsche Bibelgesellschaft","Germany","info@dbg.de"
"Deutscher Taschenbuch Verlag GmbH &amp; CO.KG","Germany","junior@dtv.de"
"Dial Books for Young Readers","USA","penguinyr.subrights@us.penguingroup.com"
"Didier Jeunesse","France","contact@editions-didier.fr"
"Difundir Ltda.","Colombia","difundirltda@yahoo.es"
"Diogenes Verlag AG","Switzerland","info@diogenes.ch"
"Disney Hyperion","USA",""
"Disney- Lucas-Marvel (an imprint of Giunti Editore spa)","Italy","redazioneragazzi@giunti.it"
"Djecja Knjiga","Croatia","kasmir@kasmir-promet.com"
"DNP America, LLC","USA","Itou-s20@mail.dnp.co.jp"
"Dogan Egmont Yayincilik A.S.","Turkey","corporateweb@egmont.com"
"Dominique et Compagnie","Canada","barbara.creary@dominiqueetcompagnie.com"
"Donzelli Editore","Italy","editore@donzelli.it"
"Dorling Kindersley","Great Britain",""
"Dreamland Publications","India","dreamland@vsnl.com"
"Dreamworks Animation Publishing LLC","USA","shannon.parsells@dreamworks.com"
"Dressler Verlag GmbH","Germany","dressler@verlagsgruppe-oetinger.de"
"Duckbill Books","India","sayoni@duckbill.in;platypus@duckbill.in"
"Duckbill Books","India","sayoni@duckbill.in;platypus@duckbill.in"
"Dutch Foundation for Literature","The Netherlands","post@letterenfonds.nl"
"Dutton Children's Books","USA","penguinyr.subrights@us.penguingroup.com"
"Dwie Siostry Wydawnictwo","Poland","k.domanska@wydawnictwodwiesiostry.pl"
"Dylar","Spain","dylar@dylar.es"
"Eastcolor Paper Products Co., Ltd.","China","sales@eppcl.com"
"L'Ecole/L'Ecole des Loisirs","France","edl@ecoledesloisirs.com"
"Edebe","Spain","mpalomares@edebe.net"
"Edelvives","Spain","info@edelvives.es"
"Gruppo Edicart S.r.l.","Italy","info@edicart.it"
"Edicola Ediciones","Chile","paolo.primavera@gmail.com"
"Éditions Ada  Inc.","Canada","mylene.archambault@ada-inc.com"
"Éditions de l'Isatis","Canada","editions_delisatis@hotmail.com"
"Editions le Verger des Hespérides","France","levergerdeshesperides@hotmail.fr"
"Éditions Michel Quintin","Canada","foreignrights@editionsmichelquintin.ca"
"Editions Nara for BLD Editions","Senegal","editionsnara@yahoo.fr;bld@bldsn.org"
"Editora do Brasil S/A","Brazil","felipe@editoradobrasil.com.br;gilsandro@editoradobrasil.com.br"
"Editora do Brasil S/A","Brazil","felipe@editoradobrasil.com.br;gilsandro@editoradobrasil.com.br"
"Editorial Flamboyant","Spain","flamboyant@editorialflamboyant.com"
"Editorial Planeta Colombia S.A.","Colombia","bhenao@planeta.com.co"
"Editoriale Scienza srl (an imprint of Giunti Editore spa)","Italy","ufficiostampa@editorialescienza.it"
"Edizioni Alfa srl","Italy","info@edizionialfa.it"
"Edizioni del Baldo srl","Italy","info@pizzighella.com;eleonora.pizzighella@gmail.com"
"Edizioni del Borgo srl (in partnership with Giunti Editore spa)","Italy","info@edizionidelborgo.it"
"Edizioni Piemme spa -  Il Battello a Vapore","Italy","info@edizpiemme.it"
"Edoki by Les trois elles","France","valerie@edoki.net"
"Edoki by Les trois elles","France","valerie@edoki.net"
"Educar Editores s.a.","Colombia","gerencia.planlectot@educar.com.co"
"Edu-Petit","Hong Kong","mktg@edu-petit.com"
"Edutech srl","Italy","f.albiero@edutech.it"
"Edutech srl","Italy","f.albiero@edutech.it"
"Edycja Swietego Pawla","Poland","edycja@edycja.com.pl"
"Eerdmans Books for Young Readers","USA","sales@eerdmans.com"
"Egmont","Great Britain","enquiries@euk.egmont.com"
"Nation Egmont Edutainment Co. Ltd","Thailand","corporateweb@egmont.com"
"Egmont Administration","Denmark","corporateweb@egmont.com"
"Egmont International Holding A/S","Denmark","egmont@egmont.com"
"Egmont Publishing Bulgaria","Bulgaria","corporateweb@egmont.com"
"Egmont Publishing Croatia","Croatia","corporateweb@egmont.com"
"Egmont Publishing Czech Republic","Czech Republic","corporateweb@egmont.com"
"Egmont Publishing Denmark","Denmark","corporateweb@egmont.com"
"Egmont Publishing Estonia","Estonia","corporateweb@egmont.com"
"Egmont Publishing Finland","Finland","corporateweb@egmont.com"
"Egmont Publishing Germany","Germany","corporateweb@egmont.com"
"Egmont Publishing Germany","Germany","corporateweb@egmont.com"
"Egmont Publishing Hungary","Hungary","corporateweb@egmont.com"
"Egmont Publishing Latvija","Latvia","corporateweb@egmont.com"
"Egmont Publishing Lietuva","Lithuania","corporateweb@egmont.com"
"Egmont Publishing Norway","Norway","corporateweb@egmont.com"
"Egmont Publishing Poland","Poland","corporateweb@egmont.com"
"Egmont Publishing Romania","Romania","corporateweb@egmont.com"
"Egmont Publishing Russia","Russia","corporateweb@egmont.com"
"Egmont Publishing Sourcing","Hong Kong","corporateweb@egmont.com"
"Egmont Publishing Sweden","Sweden","corporateweb@egmont.com"
"Egmont Publishing UK","Great Britain","corporateweb@egmont.com"
"Egmont Publishing Ukraine","Ukraine","corporateweb@egmont.com"
"Egmont Verlagsgesellschaften / Schneiderbuch","Germany","g.toquin@egmont-vg.de"
"Ekaré","Spain","editorial@ekare.com.ve"
"Edizioni EL/Einaudi Ragazzi/Emme Edizioni","Italy","edizioniel@edizioniel.it;fatucci@edizioniel.it"
"Ediciones El Naranjo, S.A. de C.V.","Mexico","edicioneselnaranjo@gmail.com;"
"Elan Vert","France","elan.vert@wanadoo.fr"
"Mondadori Electa Spa","Italy","tiziana.mascia@mondadori.it;francesca.lanzilotti@mondadori.it"
"Elf Publishing House","Georgia","right@elf.ge;adm@elf.ge"
"ELI srl","Italy","info@elionline.com"
"Elias Modern Publishing House","Egypt","info@eliaspublishing.com"
"Elias Modern Publishing House","Egypt","info@eliaspublishing.com"
"Else srl","Italy","else.edizioni@gmail.com"
"Emse Verlag Berlin","Germany","verlag@emse-berlin.de"
"EneDueRabe","Poland","edr@eneduerabe.eu"
"Epigram Books","Singapore","enquiry@epigrambooks.sg"
"Epsilon Publishing Ltd.","Turkey","epsilon@epsilonyayinevi.com"
"Epsilon Publishing Ltd.","Turkey","epsilon@epsilonyayinevi.com"
"Equilibri Cooperativa Sociale","Italy","info@equilibri-libri.it"
"Erlangga Publisher","Indonesia",""
"Erlangga Publisher","Indonesia",""
"Esperluète Editions","Belgium","esperluete.editions@skynet.be"
"Estonian Publishers Association","Estonia","kirjastusteliit@eki.ee"
"Estonian Publishers Association","Estonia","kirjastusteliit@eki.ee"
"Etxepare Basque Institute","Spain","k-galartza@etxepare.eus"
"Euromedia Group, K.S.","Czech Republic","nedbalova.jana@euromedia.cz"
"Euskal Editoreen Elkartea (Basque Language Publishers Association)","Spain","editoreak@editoreak.com"
"Editorial Everest, S. A.","Spain","publicaciones@everest.es"
"Evro-Giunti","Serbia","zoran@evro-giunti.com"
"Fabbri Editori - RCS Libri Spa","Italy","paola.zelasco@rcs.it"
"Faber &amp; Faber Ltd.","Great Britain",""
"Fablus","Canada","info@fablus.ca"
"Editora Fama Educativa Ltda","Brazil","faruk@famaeducativa.com.br"
"Farrar, Straus &amp; Giroux Books for Young Readers","USA","childrensrights@macmillanusa.com"
"Fatatrac (un marchio di proprietà di Edizioni Del Borgo srl)","Italy","info@fatatrac.it"
"Federal Agency for Press and Mass Communications of the Russian Federation","Russia","dedey1973@gmail.com"
"Feiwel &amp; Friends","USA","childrensrights@macmillanusa.com"
"Giangiacomo Feltrinelli Editore","Italy","ufficio.stampa@feltrinelli.it;segreteria.editoriale@feltrinelli.it"
"Finken Verlag","Germany","info@finken.de"
"Firefly Press Ltd.","Great Britain","fireflypress@yahoo.co.uk"
"Firma Ksiegarska Olesiejuk Spolka Z Ograniczona Odpowiedzialnoscia  Sp.j.","Poland","wydawnictwo@olesiejuk.pl;a.lach@olesiejuk.pl"
"First Second","USA","rights@firstsecondbooks.com"
"First/Gründ","France","james.elliott@edi8.fr"
"Fischer Kinder-und Jugendbuch Verlag Gmbh","Germany","jana.freudenberger@fischerverlage.de"
"Fitzhenry &amp; Whiteside Ltd.","Canada","sfitz@fitzhenry.ca"
"The Five Mile Press Pty Ltd","Australia","publishing@fivemile.com.au"
"Flammarion-Père Castor","France","foreignrights@flammarion.fr"
"Flemish Literature Fund","Belgium","info@vfl.be"
"Flemish Literature Fund","Belgium","info@vfl.be"
"Fleurus Editions","France","fleuruseditions@fleuruseditions.com"
"Jusu Flintas","Lithuania","andrius@flintas.lt"
"Flowerpot Press","Canada","info@flowerpotpress.com"
"Fondo de Cultura Económica - México","Mexico","svenegas@fondodeculturaeconomica.com"
"Foreign Language Teaching and Research Press","China","zhangrj@fltrp.com"
"Foreword Reviews Collective","USA","victoria@forewordreviews.com"
"Foto Edizioni srl","Italy","fotoedizioni@fotoedizioni.it"
"Fountain of Fairy Tales","Ukraine","info@fontan-book.com"
"Fountain of Fairy Tales","Ukraine","info@fontan-book.com"
"Les Fourmis Rouges","France","hannele@hanneleandassociates.fr"
"Fox &amp; Sheep GmbH","Germany","verena@foxandsheep.com"
"Fox &amp; Sheep GmbH","Germany","verena@foxandsheep.com"
"France-Bureau International de l'Edition Française","France","info@bief.org;"
"Franckh Kosmos Verlags GmbH &amp; Co. KG","Germany","info@kosmos.de;a.hierholz@kosmos.de"
"Frederick Warne","Great Britain",""
"Free Spirit Publishing","USA","rights@freespirit.com"
"Froebel-Kan Company, Limited","Japan","info-e@froebel-kan.co.jp"
"Fryderyk Chopin Institute","Poland","akosior@nifc.pl"
"FTD","Brazil","foreignright@ftd.com.br"
"FTD","Brazil","foreignright@ftd.com.br"
"Fukuinkan Shoten Publishers, Inc.","Japan","international-rights@fukuinkan.co.jp"
"Fundação Nacional do Livro Infantil e Juvenil","Brazil","fnlij@fnlij.org.br"
"Fundación Exportar","Argentina","aperetti@exportar.org.ar"
"Future Books Ltd.","Great Britain","amit@futurebooks.co.in"
"Gaby Books srl","Republic of San Marino","info@gabybooks.com"
"Gakken Marketing Co., Ltd.","Japan","inq@gakken.co.jp"
"La Galera","Spain","lagalera@lagaleraeditorial.com"
"Gallimard Jeunesse","France","anne.bouteloup@gallimard-jeunesse.fr"
"Carlo Gallucci Editore srl","Italy","info@galluccieditore.com"
"Editions Ganndal","Republic of Guinea","ganndal.editions@gmail.com;aliau2sow@yahoo.fr"
"Editorial Gato Malo","Colombia","editorialgatomalo@yahoo.com"
"Gautier-Languereau / Deux Coqs D'or","France","avignol@hachette-livre.fr"
"Geddes &amp; Grosset","Great Britain","info@waverley-books.co.uk"
"Gemser Publications S.L.","Spain","mercedes@mercedesros.com"
"Georgian National Book Center","Georgia","book@msc.gov.ge"
"Geoworld Eu srl","Italy","info@geoworldgroup.com"
"Germany - German Collective and Frankfurt Book Fair","Germany","buhre@book-fair.com"
"Gerstenberg Verlag GmbH &amp; Co. KG","Germany","verlag@gerstenberg-verlag.de"
"Il Giornalino / G Baby Periodici San Paolo","Italy","ilgiornalino@ilgiornalino.org"
"Giralangolo (EDT srl)","Italy","giralangolo@edt.it"
"Girassol Brasil Edições LTDA","Brazil","priscila@girassolbrasil.com.br"
"Girotondo Tre srl","Italy","marketing.girotondotoys@gmail.com"
"Giunti Editore spa","Italy","dirgen@giunti.it"
"Giunti Junior (an imprint of Giunti Editore spa)","Italy","redazioneragazzi@giunti.it"
"Giunti Kids (an imprint of Giunti Editore spa)","Italy","redazioneragazzi@giunti.it"
"Giunti Progetti Educativi srl","Italy","proed.fi@giunti.it"
"Glénat Editions","France","louise.carcopino@glenat.com;marion.corveler@glenat.com"
"Globe Edutainment GmbH","Germany","she@globe-edutainment.com"
"Globe Publishing","Denmark","info@globe.dk"
"Globi-Verlag","Switzerland","info@globi.ch"
"Glüchschuh Verlag","Germany","info@glueckschuh-verlag.de"
"Goélette International","Belgium","bookfair@goelette.ca"
"Golden Baobab","Ghana","deborah@goldenbaobab.org"
"Gottmer Publishing Group","The Netherlands","info@gottmer.nl"
"Grafalco Ediciones S.L.","Spain","george.punnoose@navneet.com"
"Società Editoriale Grafiche AZ srl","Italy","l.aldegheri@graficheaz.it"
"Graine 2","France","e.hourtoulle@graine2-editions.com"
"Editions des Grandes Personnes","France","editionsdesgrandespersonnes@gmail.com"
"Graph-Art Publishing House","Hungary","enemethi@graphart.hu"
"GrassandWind Publishing","Korea","zzilehj@hanmail.net"
"GrassandWind Publishing","Korea","zzilehj@hanmail.net"
"Grasset &amp; Fasquelle","France","vvanguelov@grasset.fr"
"Green Android Limited","Great Britain","toby@greenandroid.co.uk"
"Greengaia Co., Ltd.","Korea","michelle@greengaia.kr"
"Gremio de Editores de Euskadi","Spain","info@editores-euskadi.net"
"Gribaudo-IF-Idee editoriali Feltrinelli srl","Italy","info@gribaudo.it"
"Grimm Press Ltd.","Taiwan","grimm_copyright@grimmpress.com.tw;diane_ho@grimmpress.com.tw"
"Grosset &amp; Dunlap / Price Stern Sloan","USA","penguinyr.subrights@us.penguingroup.com"
"Groundwood Books","Canada","rights@groundwoodbooks.com"
"Groupe Homme","Canada","jmongeau@groupehomme.com"
"Grup 62 - Estrella Polar","Spain","info@grup62.com"
"Grupo Editoria Peisa s.a.c.","Peru","gcoronado@peisa.com.pe"
"Grupo Editoria Peisa s.a.c.","Peru","gcoronado@peisa.com.pe"
"Grupo SM","Colombia","frddy.goncalves@grupo-sm.com"
"Gryf Direct","Poland","mariusz.rolka@gryfdirect.pl"
"Guangzhou Xin Yi Printing Co., Ltd","China","sales@gzxinyiprint.com"
"Guizhou Educational Publishing House","China","sweet8351@163.com"
"Gulf Stream Editeur","France","angela.lery@gulfstream.fr"
"Gyldendal","Denmark","Louise_langhoff_koch@gyldendalagency.dk"
"Gyldendal Barn &amp; Ungdom","Norway","foreignrights@gyldendal.no"
"Haba - Habermaaß GmbH","Germany","info@haba.de"
"Hachette Antoine","Lebanon","info@hachette-antoine.com"
"Hachette Antoine","Lebanon","info@hachette-antoine.com"
"Hachette Astérix","France","mjablonski@hachette-livre.fr"
"Hachette Children's Group","Great Britain","rights@hachettechildrens.co.uk"
"Hachette Jeunesse","France",""
"Hachette Livre","France","hmante@hachette-livre.fr"
"Haldane Mason Ltd","Great Britain","info@haldanemason.com"
"Hamelin Associazione Culturale","Italy","info@hamelin.net"
"Peter Hammer Verlag GmbH","Germany","info@peter-hammer-verlag.de"
"Carl Hanser Verlag GmbH &amp; Co. KG","Germany","info@hanser.de"
"Hansol Education Co., Ltd","Korea","miaeyu@eduhansol.co.kr"
"Hansol Education Co., Ltd","Korea","miaeyu@eduhansol.co.kr"
"Hardie Grant Egmont","Australia","corporateweb@egmont.com"
"HarperCollins Publishers","Great Britain","whitney.hallberg@harpercollins.com"
"HarperCollins Children's Books","USA",""
"Hasbro, Inc","France","marie-cecile.bourdillon@hasbro.co.uk"
"Hasbro, Inc","USA","marie-cecile.bourdillon@hasbro.co.uk"
"Hatier","France","arisaliti@editions-hatier.fr"
"David Hawcock- Infinite Jest","Great Britain","david@hawcockbooks.demon.co.uk"
"HDKDM / Klub prvih pisaca","Croatia","info@hdkdm-klubprvihpisaca.hr"
"Helium","France","info@helium-editions.fr"
"Hemma Editions","Belgium","jenny.brouwers@hemma.be"
"Heryin Books, Inc.","Taiwan","editor@heryin.com"
"Adriana Hidalgo Editora","Argentina","info@adrianahidalgo.com"
"Highlights for Children International, Inc.","USA","international@highlights.com"
"Hills","Korea","viki914@hanmail.net;hillson@naver.com"
"Hills","Korea","viki914@hanmail.net;hillson@naver.com"
"Hinkler Books Pty Ltd.","Australia","Gary.Coppen@hinkler.com.au"
"Hinstorff Verlag GmbH","Germany","presse@hinstorff.de"
"Hocks Out Press","USA","info@hocksout.com"
"Hodder &amp; Stoughton","Great Britain","enquiries@hodder.co.uk"
"Hodder Children's Books","Great Britain",""
"Holiday House, Inc.","USA","editorial@holidayhouse.com"
"Holinail Edition","France","coco.turrillot@holinail.com"
"Hollym Corp., Publishers","Korea","apple@hollym.co.kr"
"Hollym Corp., Publishers","Korea","apple@hollym.co.kr"
"Henry Holt Books for Young Readers","USA","childrensrights@macmillanusa.com"
"Hometown World Ltd.","Great Britain","roger@manning-partnership.co.uk"
"Hong Kong Publishing Federation Limited","Hong Kong","info@publishers.com.hk"
"HongFei Cultures","France","rights@hongfei-cultures.com"
"Hot Key Books","Great Britain","enquiries@hotkeybooks.com"
"Houghton Mifflin Harcourt Publishing Company","USA","candace.finn@hmhco.com"
"Houghton Mifflin Harcourt Publishing Company","USA","candace.finn@hmhco.com"
"Hsiao Lu Publishing Co. Ltd.","Taiwan","chenys@tienwei.com.tw"
"Hsin Yi Publications","Taiwan","arni@hsin-yi.org.tw"
"HSPL","India","henu@henustudio.com"
"Les Humanoïdes Associés","France","edmond.lee@humano.com"
"Hunan Juvenile &amp; Children's Publishing House","China","18656094@qq.com;125486875@qq.com"
"Hunan Yongzhou Benteng Color Printing Co., Ltd.","China","kama@hnbtcy.com"
"Hungarian Publishers' and Booksellers' Association","Hungary","mkke@mkke.hu"
"Hungry Tomato Ltd.","Great Britain","john@hungrytomato.com"
"Hyeonamsa Publishing Co., Ltd.","Korea","fish@hyeonamsa.com"
"Hyeonamsa Publishing Co., Ltd.","Korea","fish@hyeonamsa.com"
"i am a bookworm","Great Britain","nick@iamabookworm.co.uk"
"I con i - Ilustratour","Spain","hola@iconi.es"
"I - Read Ltd","Great Britain","sales@I-read.co.uk"
"Ediciones Iamiqué","Argentina","info@iamique.com.ar"
"IBBY - International Board on Books for Young People","Switzerland","luzmaria.stauffenegger@ibby.org"
"IBBY Italia","Italy","ibbyitalia@gmail.com"
"IBBY Polish Section","Poland","ibby@ibby.pl"
"Ibis Grafika d.o.o.","Croatia","info@ibis-grafika.hr"
"Igloo Books","Great Britain","customerservice@igloobooks.com"
"Il gioco di leggere Edizioni","Italy","edizioni@ilgiocodileggere.it"
"Il Sole di Carta srl","Italy","info@ilsoledicarta.it"
"Il Sole di Carta srl","Italy","info@ilsoledicarta.it"
"Illustrators Association - APIC","Spain","info@apic.es"
"Ilustradores argentinos independientes","Argentina","ilustradores.arg@gmail.com"
"Image Books Factory BV","The Netherlands","info@imagebooks.nl"
"Image Books Factory BV","Great Britain","info@imagebooks.nl"
"Imagicom srl","Italy","info@imagicom.it"
"I.M.P.S. SA","Belgium","imps@smurf.com"
"The Ministry of Education and Culture, Republic of Indonesia","Indonesia","laura@kesaintblanc.co.id"
"Ingram Content Group","USA",""
"Insight Editions","USA","e.bradfield@insighteditions.com"
"Institut d'Estudis Baleàrics","Spain","mferre@iebalearics.org"
"Kanoon/Institute for the Intellectual Development of Children and Young Adults","Iran","book@kanoonintl.com"
"International Information Content Industry Association (ICIA)","Hong Kong","lisazhang@icia-international.org;catherineli@icia-international.org"
"International New York Times","USA","emmery@ontheavenuemarketing.com;stefan@ontheavenuemarketing.com"
"International Print-o-Pac Ltd.","India","amitmittal@ippindia.com"
"Internationale Jugendbibliothek","Germany","direktion@ijb.de"
"IO Illustratoren Organisation e V.","Germany","info@illustratoren-organisation.de"
"iPortfolio","Korea","contact@iportfolio.co.kr"
"iPortfolio","Korea","contact@iportfolio.co.kr"
"Iran Cultural Fairs Institute (ICFI)","Iran","m_shahramnia@yahoo.com"
"Children's books from Ireland","Great Britain","barbara@amk.org"
"Iseek Ltd","Great Britain","info@iseekcreative.com"
"Books From Israel","Italy","cultura@roma.mfa.gov.il"
"ITA - Italian Trade Agency","Italy","tempo.libero@ice.it"
"ITA - Italian Trade Agency","Italy","tempo.libero@ice.it"
"Ivy Press Ltd.","Great Britain","surname@ivy-group.co.uk"
"Iyagikot Publishing","Korea","iyagikot@naver.com"
"Iyagikot Publishing","Korea","iyagikot@naver.com"
"Verlagshaus Jacoby &amp; Stuart Gmbh","Germany","verlag@jacobystuart.de"
"Jahangir Book Depot","Pakistan","fawazniaz"
"Jaimimage Publishing Co.","Korea","jaim@jaimimage.com"
"Jaimimage Publishing Co.","Korea","jaim@jaimimage.com"
"Japan Foreign-Rights Centre (JFC)","Japan","yurika@jfc-tokyo.co.jp"
"Jasmin Editions","France","saad.bouri@wanadoo.fr"
"Jedi Paca","France","benjamin@apprentisreveurs.com"
"Jiangxi Shinhan Packaging Printing Co., Ltd.","China","simonyue@shinhan-packaging.com"
"Jieli Publishing House Co., Ltd.","China","emmadong0513@foxmail.com"
"Jilin Publishing Group Co., Ltd.","China","ajkitty@sina.com"
"Jiri Models  a.s.","Czech Republic","export@jirimodels.com"
"JNJ Agency","USA","ajacob@jnjagency.com"
"La Joie de Lire","Switzerland","info@lajoiedelire.ch"
"Joshibi University of Art and Design","Japan","fadh@venus.joshibi.jp"
"Joy Asia Corporation","Taiwan","steven@joyasia.com.tw"
"Jujuba Editora","Brazil","daniela@jujubaeditora.com.br"
"Jumava","Latvia","juris.visockis@jumava.lv"
"Jumava","Latvia","juris.visockis@jumava.lv"
"Jumbo Neue Medien &amp; Verlag GmbH","Germany","info@jumbo-medien.de"
"Jumping Books","Korea","jungshin@jumpingbooks.com"
"Jumping Jack Press","USA","georgew@upwithpaper.com"
"Verlag Jungbrunnen","Austria","office@jungbrunnen.co.at"
"Junior Gimm-Young Publishers, Inc.","Korea","syk@gimmyoung.com"
"Junior Gimm-Young Publishers, Inc.","Korea","syk@gimmyoung.com"
"Editorial Juventud, S.A.","Spain","info@editorialjuventud.es"
"Kabusa Böcker","Sweden","k.aronsson@kabusabocker.se"
"Kaisei-Sha Publishing Co., Ltd.","Japan","foreign@kaiseisha.co.jp"
"Kalandraka Italia","Italy","info@kalandraka.it"
"Kaléidoscope","France","laurie@editions-kaleidoscope.com"
"Kalimat","U.A.E.","info@kalimat.ae;abdus@kalimat.ae"
"Kalimat","U.A.E.","info@kalimat.ae;abdus@kalimat.ae"
"Kanjil","France","kanjilediteur@gmail.com"
"Kaplan International English","Great Britain","nicol.wojcik@kaplan.com"
"Karchkhadze Publishing","Georgia","info@karchkhadze.ge"
"Kasmir Promet d.o.o.","Croatia","kasmir@kasmir-promet.com"
"Kathy Dawson Books","USA","penguinyr.subrights@us.penguingroup.com"
"KBBY (Ibby Korea)","Korea","info@kbby.org"
"Kenzan SA","Switzerland","bcbf@kenzantech.com"
"Ker Editions","Belgium","kerditions@kerditions.eu"
"Kerle in der Verlag Herder GmbH","Germany","bressan@herder.de"
"Kids Can Press Ltd.","Canada","rights@kidscan.com"
"Kiko Productions Ltd","Kenya","info@kiko-productions.com"
"Kite Edizioni srl","Italy","kite@kiteedizioni.it"
"Klett Kinderbuch","Germany","info@klett-kinderbuch.de"
"Klopotek Ag","Germany","info@klopotek.de/com"
"Kodansha Ltd.","Japan","ko-yoshida@kodansha.co.jp;foreignrights@kodansha.co.jp"
"Koo-koo Books","Italy","info@kookoobooks.com"
"Koo-koo Books","Italy","info@kookoobooks.com"
"Korean Publishers Association","Korea","jiyeon.lee@kpa21.or.kr"
"Korean Publishers Association","Korea","jiyeon.lee@kpa21.or.kr"
"KPIPA (Publication Industry Promotion Agency of Korea)","Korea","paper0903@gmail.com"
"Kreativni Centar","Serbia","dejan.begovic@kreativnicentar.rs, rights@kreativnicentar.rs"
"KT&amp;G Sangsangmadang","Korea","msy10813@ssmadang.co.kr"
"KT&amp;G Sangsangmadang","Korea","msy10813@ssmadang.co.kr"
"Kunstanstifter Verlag","Germany","info@kunstanstifter.de"
"Kyowon Co. Ltd.","Korea","karenkim@kyowon.co.kr"
"Kyowon Co. Ltd.","Korea","karenkim@kyowon.co.kr"
"Éditions de La Bagnole","Canada","vml@groupevml.com"
"La Grande Illusion di Giuseppe Zapelloni","Italy","salam@lagrandeillusion.it"
"La Nuova Frontiera srl","Italy","info@lanuovafrontierajunior.it"
"La Silueta Ediciones Ltda.","Colombia","info@lasilueta.com"
"Ladne Halo","Poland","wydawnictwo@ladne-halo.pl"
"Ladybird","Great Britain",""
"Lake Press","Australia","david@lakepress.com.au"
"Lannoo N.V. - Uitgeverij","Belgium","lannoo@lannoo.be"
"Lannoo N.V. - Uitgeverij","Belgium","lannoo@lannoo.be"
"Lapis snc di R. Punzi e C.","Italy","lapis@edizionilapis.it"
"Éditions Larousse","France","nmoreau@larousse.fr"
"Larousse/Vox","Spain","e.franch@larousse.es"
"Larv &amp; Mib","Korea","joshprigge16@hotmail.com"
"Lastrego &amp; Testa Multimedia","Italy","info@lastregoetesta.com"
"Latvian Literature Centre","Latvia","centre@literature.lv"
"Laurence King Publishing Ltp.","Great Britain","enquiries@laurenceking.com"
"Lavieri Edizioni","Italy","info@lavieri.it"
"Lavieri Edizioni","Italy","info@lavieri.it"
"Le port a jauni","France","leportajauni@free.fr"
"Learning Time Pty Ltd.","Australia","info@learningtime.co"
"Legua Editorial","Spain","foreignrights@leguaeditorial.com"
"Leiv Leipziger Kinderbuch Verlag","Germany","info@leiv-verlag.de"
"Lemniscaat B.V.","The Netherlands","foreignrights@lemniscaat.nl"
"Lemonade Illustration Agency","Great Britain","info@lemonadeillustration.com"
"Leopold Publishing and Ploegsma Publishing","The Netherlands","rights@leopold.nl;rights@ploegsma.nl"
"Lerner Publishing Group - Carolrhoda Books","USA","mkjoller@lernerbooks.com"
"Les Editions de la Salamandre","France","info@salamandre.net"
"Liber c/o Idest srl","Italy","idest@idest.net"
"Libros del Zorro Rojo","Spain","alberto.sotelo@librosdelzorrorojo.com"
"Libros para Imaginar, S.A. de C.V","Mexico","info@librosparaimaginar.com"
"Editorial Libsa, S.A.","Spain","libsa@libsa.es;ventas@libsa.es"
"Lilla Piratförlaget","Sweden","info@lillapiratforlaget.se"
"Limonero","Argentina","angeles@limonero.com.ar"
"Linking Publishing Company","Taiwan","linkingrights@udngroup.com"
"Linne Bie &amp; Co","Belgium","info@linnebie.com"
"Linne Bie &amp; Co","Belgium","info@linnebie.com"
"Lion Hudson plc","Great Britain",""
"Lirabelle","France","lirabelle-olivierayme@wanadoo.fr"
"Liscianigiochi srl","Italy","info@liscianigiochi.it"
"List Premier Education Pty Ltd.","Australia","johann@listpremier.com"
"List Premier Education Pty Ltd.","Australia","johann@listpremier.com"
"Litara Foundation","Indonesia","litara.foundation@gmail.com"
"Lithuanian Culture Institute","Lithuania","books@koperator.lt"
"Editions Lito","France","mireille.gemehl@editionslito.com"
"Little Bee Books","USA","info@littlebeebooks.com"
"Little, Brown Books for Young Readers","USA","rights@lbchildrens.com"
"Little Pearl Books","India","sales@littlepearlbooks.com"
"Little Tiger Group","Great Britain","rights@littletiger.co.uk"
"Liyan Books Co. Ltd","Taiwan","leo420@url.com.tw"
"LLC Publishing House Kapelka","Russia","marinad99@gmail.com;kapelka.olga@gmail.com"
"Lm Cards Srl - Eeboo","Italy","lmcards@tin.it"
"Lo Stampatello","Italy","lostampatello@gmail.com"
"Loewe Verlag GmbH","Germany","lizenzen@loewe-verlag.de"
"Logico - Divergente","Belgium","chronoplanet@gmail.com"
"Logos Edizioni","Italy","commerciale@logos.info"
"Lonely Planet Publications Ltd.","Great Britain","go@lonelyplanet.co.uk"
"LTI Korea","Korea","marcos73@klti.or.kr;minkyung_ha@klti.or.kr"
"LTI Korea","Korea","marcos73@klti.or.kr;minkyung_ha@klti.or.kr"
"Lupita Books","USA","sbeascoa@lupitabooks.com"
"Lupita Books","Spain","sbeascoa@lupitabooks.com"
"M.O. Contenidos","Argentina","marcela.osa@gmail.com"
"Macmillan Children's Books","Great Britain","childrensrightsquery@macmillan.co.uk"
"Macmillan Children's Publishing Group","USA","childrensrights@macmillanusa.com"
"Magellan Gmbh &amp; Co. KG","Germany","info@magellanverlag.de"
"Magikon","Norway","svein@magikon.no"
"Magination Press/American Psychological Association","USA","kenderle@apa.org"
"Éditions Magnani","France","contact@editions-magnani.com"
"Editions Thierry Magnier","France","etm@editions-thierry-magnier.com"
"Make Believe Ideas","Great Britain","enquiries@makebelieveideas.com"
"Mammeonline Comunicazione snc","Italy","editricemol@gmail.com"
"Mandara Publishing","India","info@mandarapublishing.com"
"Mandara Publishing","India","info@mandarapublishing.com"
"Mango Jeunesse","France","m.girona@fleuruseditions.com"
"Mapcards Net","Czech Republic","partners@mapcards.net"
"Mar de Ideias navegação cultural","Brazil","contato@mardeideias.com.br"
"Marcel et Joachim","France","charlotte.duverne@marceletjoachim.fr"
"Marmaille et Compagnie","France","romain.naudin@marmaille-compagnie.com"
"Maschietto Editore","Italy","redazione@maschiettoeditore.com"
"Massolit Agency / B. Wahlströms Bokförlag","Sweden","rights@massolit.se"
"Matica hrvatska Ogranak Dubrovnik","Croatia","mhdubrovnik@optinet.hr"
"Mauricio De Sousa Editora","Brazil","rodrigo.paiva@turmadamonica.com.br"
"McRae Publishing Ltd","Great Britain","amcrae@mcraepublishing.co.uk"
"Media Rodzina","Poland","promocja@mediarodzina.pl"
"Media Vaca","Spain","mediavaca@mediavaca.net"
"Mediatoon Licensing","France","contact.mfr@mediatoon.com"
"Mkids - Mehta Publishers","India","info@mehtapublishers.com, gautam@mehtapublishers.com"
"Melbourne Style Books","Australia","mca@melbournestyle.com.au"
"Editora Melhoramentos Ltda.","Brazil","blerner@melhoramentos.com.br"
"Melissa + Doug","USA","service@MelissaAndDoug.com"
"Editions MeMo","France",""
"Mercis Publishing  bv","The Netherlands","caroliendeblieck@mercis.nl"
"Mercuryo Jovem","Brazil","ione@mercuryojovem.com.br"
"México - Cámara Nacional de la Industria Editorial Mexicana","Mexico","feriasinternacionales@caniem.com"
"MIA-Milan Illustrations Agency","Switzerland","info@milan-illustrations.ch"
"Michael Neugebauer Minedition rights+licensing ag","Switzerland","mogi@minedition.com"
"Michael O'Mara Books Ltd.","Great Britain","eva.arnold@mombooks.com"
"Middernacht Pers","The Netherlands","kinderboek@middernachtpers.nl"
"Editions Mijade","Belgium","michel@mijade.be"
"Mila Editions","France","info@mila-editions.fr"
"Milan Editions","France","geraldine.hummel@groupebayard.com"
"Miles Kelly Publishing","Great Britain","info@mileskelly.net"
"Milly&amp;Flynn","Great Britain","sales@millyandflynn.com"
"Mind to Mind","Malaysia","admin@mindtomind.com.my;shen@mindtomind.com.my"
"Minibombo","Italy","info@minibombo.it"
"Ministere des Arts et de la Culture - Direction du Livre","Cameroon","mballa.elanga@gmail.com"
"The Ministry of Culture of the Czech Republic","Czech Republic","radim.kopac@mkcr.cz"
"Mirae N Co., Ltd.","Korea","rights@mirae-n.com"
"Mirae N Co., Ltd.","Korea","rights@mirae-n.com"
"Miš Založba","Slovenia","info@zalozbamis.com"
"Mixtvision Verlag","Germany","foreignrights@mixtvision.de"
"Mizan Publishing","Indonesia","rights@mizan.com"
"Mladà Fronta, a.s.","Czech Republic","savlikova@mf.cz"
"Mladinska Knjiga Zalozba D.D., Publishing House","Slovenia","natalija.jesenovec@mkz.si;intsales@mkz.si"
"Moderna/Salamandra","Brazil","flavias@moderna.com.br"
"Moebius","Argentina","moebiusliceo@gmail.com"
"Arnoldo Mondadori Editore spa","Italy","info.ragazzi@mondadori.it"
"Morfem doo","Slovenia",""
"Éditions de Mortagne","Canada","info@editionsdemortagne.com"
"Moses. Verlag GmbH","Germany","info@moses-verlag.de"
"Jerzy Mostowski Publishing","Poland","awm@morex.com.pl"
"Motta Junior (an imprint of Giunti Editore spa)","Italy","redazioneragazzi@giunti.it"
"Mozaika-Sintez Educational Publishing House","Russia","magay@msbook.ru"
"MSA Agencia Editorial, S.A.","Spain","info@msaagenciaeditorial.com"
"Muchomor","Poland","askowronska@muchomor.pl"
"Munhakdongne Publishing Corp.","Korea","hjeom@munhak.com"
"Munhakdongne Publishing Corp.","Korea","hjeom@munhak.com"
"Musée de l'Illustration Jeunesse","France","mij@cg03.fr"
"Musée du Louvre éditions","France","editions@louvre.fr"
"The Museum of Modern Art","USA","moma_publications@moma.org"
"The Museum of Modern Art","USA","moma_publications@moma.org"
"Nahdet Misr Publishing House","Egypt","publishing@nahdetmisr.com"
"Nahdet Misr Publishing House","Egypt","publishing@nahdetmisr.com"
"Naklada Uliks","Croatia","naklada.uliks@gmail.com"
"Namas","Poland","redakcja@namas.pl"
"Nami Island, Inc.","Korea","na146@naminara.com"
"Nancy Paulsen Books","USA","penguinyr.subrights@us.penguingroup.com"
"Nasza Ksiegarnia","Poland","office@nk.com.pl"
"Nathan","France",""
"National Book Trust, India","India","nbtexhibition@gmail.com"
"National Culture Center","Poland","nck@nck.pl"
"National Geographic/National Geographic Children's Books","USA","jejones@ngs.org"
"Natur &amp; Kultur","Sweden","catharina.lantz@nok.se"
"Natural History Research Institute Co., Ltd.","Korea","choiej@nhriapp.com"
"Natural History Research Institute Co., Ltd.","Korea","choiej@nhriapp.com"
"Navneet Education Ltd.","India","george.punnoose@navneet.com"
"Net d.o.o.","Croatia","dino@net-zg.hr"
"New Buds Publishing House (Tianjin) Limited Company","China","joycelee8857@yahoo.com"
"New Frontier Publishing","Australia","info@newfrontier.com.au"
"Nickelodeon Global Publishing","USA",""
"Nini Francesca Carbonini - Transformazione","Italy","info@francescanini.com"
"NordSüd Verlag AG","Switzerland","info@nord-sued.com"
"Norla - Norwegian Literature Abroad","Norway","firmapost@norla.no"
"Norma Ediciones S.A de C.V.","Mexico","lorenza.estandia@carvajal.com"
"North Parade Publishing Ltd.","Great Britain","lottie@nppbooks.co.uk"
"Nosy Crow Ltd","Great Britain","hello@nosycrow.com"
"Editions Notari","Switzerland","luca@editionsnotari.ch"
"9 Grup Editorial","Spain","cossetania@cossetania.com"
"NubeOcho","Spain","info@nubeocho.com"
"NubeOcho","Spain","info@nubeocho.com"
"Obelisk Verlag","Austria","info@obelisk-verlag.at"
"The O'Brien Press Ltd.","Ireland","books@obrien.ie"
"Ocean Editions","France","claudine@ocean-editions.fr"
"Editorial Océano de México, S.A. de C.V.","Mexico",""
"Editorial Océano S.L.","Spain","info-rights@oceano.com"
"Oetinger Taschenbuch Gmbh","Germany","r.reichstein@verlagsgruppe-oetinger.de"
"Verlag Friedrich Oetinger GmbH","Germany","oetinger@verlagsgruppe-oetinger.de"
"Okidokid","France","info@okidokid.fr"
"Olala Books","Belgium","emmanuel.devocht@olalabooks.be"
"Old Barn Books Ltd.","Great Britain","info@oldbarnbooks.com"
"Om Books International","India","ajaymago@ombooks.com"
"Onada Edicions","Spain","onada@onadaedicions.com"
"One Stroke Co. Ltd.","Japan","komagata@one-stroke.co.jp"
"Ophaya Electronics Corporation","Taiwan","maxfeng@afaya.com.tw"
"Oppi-Mimaster Illustrazione","Italy","oppi@oppi.it"
"OQO Editora","Spain","oqo@oqo.es"
"Orca Book Publishers","Canada","andrew@orcabook.com"
"Orchard Books","Great Britain",""
"Orecchio Acerbo Editore","Italy","redazione.orecchioacerbo@gmail.com"
"Orell Füssli Kinderbuch","Switzerland","sindhya.bergamin@ofv.ch"
"Orfeu Negro","Portugal","info@orfeunegro.org"
"Orion Children's Books","Great Britain","alexandra.nicholas@hachettechildrens.co.uk"
"Otava Publishing Company Ltd./Otava Group Agency (OGA)","Finland","firstname.lastname@otava.fi;oga@otava.fi"
"Owlkids Books","Canada","owlkids@owlkids.com"
"Oxford University Press","Great Britain","Carmen.bohne@oup.com"
"OZGraf - Olsztynskie Zaklady Graficzne","Poland","ozgraf@ozgraf.com.pl"
"Pacom","Korea","lonestar@gopacom.com"
"Pajama Press","Canada","mitchellcatherine@rogers.com"
"Paka Preschool Products Ltd.","Hong Kong","info@readnplay.com;crystal.hui@paka.com"
"Palazzo Editions Ltd","Great Britain","claudia@palazzoeditions.com"
"Palitra L Publishing","Georgia","book@palitra.ge"
"Pallas Editora","Brazil","marianawarth@pallaseditora.com.br"
"Franco Cosimo Panini Editore","Italy","federica.previati@fcp.it"
"Pannon - Literatura Ltd.","Hungary","kiado@szalaykonyvek.hu"
"Papercutz/NBM Graphic Novels","USA","nantier@papercutz.com"
"Parragon","Great Britain",""
"Parramón Paidotribo S.L.","Spain","foreignrights.parramon@paidotribo.com"
"Pastel - L'Ecole des Loisirs","Belgium","pastel@ecoledesloisirs.be"
"La Pastèque","Canada","fred@lapasteque.com"
"Pato Lógico Edições","Portugal","contacto@pato-logico.com"
"Pavilion Children's Books","Great Britain","sales@pavilionbooks.com"
"Pcelica publishing House","Serbia","office@pcelica.rs"
"Peachtree Publishers","USA","gehy@peachtree-online.com"
"Pembroke Publishers","Canada","mary@pembrokepublishers.com"
"Penguin Books Ltd","Great Britain",""
"Penguin Random House","USA",""
"Penguin Random House UK Children's","Great Britain",""
"Penguin Young Readers Group (USA), a division of Penguin Random House","USA","penguinyr.subrights@us.penguingroup.com"
"Pequeño Editor (Diego Bianchi)","Argentina","news@pequenoeditor.com"
"Perbadanan Kota Buku","Malaysia","rights@kotabuku.my"
"Vydavatelstvo Perfekt, a.s.","Slovakia","knihy@perfekt.sk"
"Petra Ediciones","Mexico","petra@petraediciones.com"
"Petrkov","Czech Republic","peternovotny@centrum.cz"
"Phidal Publishing Inc.","Canada","info@phidal.com"
"Philomel Books","USA","penguinyr.subrights@us.penguingroup.com"
"Phoenix International Publications","USA","kkahlo@pikidsmedia.com"
"Phoenix Juvenile and Children's Publishing Ltd","China","xhw_2005@aliyun.com;wuxh@ppm.cn"
"Piccadilly Press","Great Britain","books@piccadillypress.co.uk"
"Editions Piccolia","France","info@editions-piccolia.fr"
"Picus Verlag Gmbh","Austria","info@picus.at"
"Pimchou","France","abriard@pimchou.fr"
"PK Agency","Korea","paulinekim@pkagency.com"
"PK Agency","Korea","paulinekim@pkagency.com"
"Editorial Planeta, S.A","Spain","infoinfantilyjuvenil@planeta.es"
"Planeta Tangerina","Portugal","geral@planetatangerina.com"
"Edizioni Play Press srl","Italy","mario.f@edizioniplaypress.com"
"Editions PlayBac","France","l.barber@playbac.fr"
"Plus Licens AB","Sweden","eva.fagerstedt@pluslicens.se"
"Atelier du Poisson Soluble","France","poissonsoluble@wanadoo.fr"
"The Polish Book Institute","Poland","office@bookinstitute.pl"
"Editions Le Pommier","France","le.pommier@editions-lepommier.fr"
"Pon Pon Edizioni-La fabbrica delle Idee srl","Italy","amministrazione@fabbricadelleidee.com"
"Pons GmbH","Germany","u.keppler@pons.de"
"Poplar Publishing Co., Ltd.","Japan","internationalrights@poplar.co.jp"
"Popular Science Press/China Science and Technology Press","China","joylace@163.com"
"Portugal - DGLAB - Direção Geral do Livro, dos Arquivos e das Bibliotecas","Portugal","internacional@dglab.gov.pt"
"Editora Positivo","Brazil","julihanav@positivo.com.br"
"Pourquoi Korea","Korea","kooby6540@naver.com"
"Pourquoi Korea","Korea","kooby6540@naver.com"
"Mathew Price International, Inc.","USA","mathewp@mathewprice.com"
"Priddy Books","Great Britain","liz.leask@priddybooks.com"
"Profil Knjiga","Croatia","profil-knjiga@profil.hr"
"Proost Industries NV","Belgium","peter.slaets@proost.be"
"PubCoder","Italy","info@pubcoder.com"
"PubCoder","Italy","info@pubcoder.com"
"Publ Studio Inc","Korea","amitass@naver.com"
"Publ Studio Inc","Korea","amitass@naver.com"
"Publicat","Poland","publicat@publicat.pl"
"The Publishers Association","Great Britain","mail@publishers.org.uk"
"V.U.V. Flemish Publishers Association","Belgium","vuv@boek.be;sarah.degraef@boek.be"
"V.U.V. Flemish Publishers Association","Belgium","vuv@boek.be;sarah.degraef@boek.be"
"Publishers Weekly Magazine","USA",""
"Pubmatch.com","USA","rights@pubmatch.com"
"Puentes Agency","Chile","adrian@puentesagency.com"
"Puffin Books USA","USA","penguinyr.subrights@us.penguingroup.com"
"Puffin  UK","Great Britain",""
"G.P. Putnam's Sons","USA","penguinyr.subrights@us.penguingroup.com"
"QA International","Canada","info@qa-international.com"
"Quarry Press &amp; Fox Editions","Canada","bob@quarrypress.com"
"Quarto Children's Group","Great Britain","info@quarto.com;michael.clarke@quarto.com"
"Québec Édition","Canada","info@anel.qc.ca"
"Em Querido's Uitgeverij B.V.","The Netherlands","rights@singel262.nl"
"Quipos srl","Italy","quipos@tin.it"
"Quixot Publications","India","sharad@quixotmultimedia.com"
"Rabén &amp; Sjögren","Sweden",""
"Raffaello Libri srl","Italy","marco.m@grupporaffaello.it"
"Rageot Editeur","France","rageotediteur@editions-hatier.fr"
"Rainbow srl","Italy","info@rbw.it, licensingdept@rbw.it"
"Raintree","Great Britain",""
"Random House UK Children's","Great Britain",""
"Ravensburger Buchverlag Otto Maier GmbH","Germany","buchverlag@ravensburger.de"
"Razorbill","USA","penguinyr.subrights@us.penguingroup.com"
"Reality Premedia Services Pvt Ltd","India","mohit@realitypremedia.com"
"Reality Premedia Services Pvt Ltd","India","mohit@realitypremedia.com"
"Really Decent Books Ltd.","Great Britain","info@reallydecentbooks.co.uk"
"REBO International B.V.","The Netherlands","international@rebo.cz"
"Red Bird Publishing","Great Britain","ian@red-bird.co.uk"
"Nilpferd im Residenz Verlag","Austria","info@residenzverlag.at"
"Rettore AS","Norway","mail@rettore.no"
"Rey Naranjo Editores S.A.S.","Colombia","jonaranjo@gmail.com"
"Riggins International Rights Services, Inc.","USA","rights@rigginsrights.com"
"Right Rights Book Agency","Canada","brigittebeaudry@bellnet.ca"
"Rights People","Great Britain","info@rightspeople.com"
"Ripley Entertainment Inc.","USA","publishing@ripleys.com"
"Rizzoli - RCS Libri Spa","Italy","paola.zelasco@rcs.it"
"Rizzoli - RCS Libri spa","Italy",""
"Bur Rizzoli Ragazzi - RCS Libri Spa","Italy","paola.zelasco@rcs.it"
"Roaring Brook Press","USA","childrensrights@macmillanusa.com"
"Ministry of Culture","Romania","cabinet.ministru@cultura.ro"
"Rouergue S.A.","France","info@lerouergue.com"
"Editora Rovelle","Brazil","editorarovelle@rovelle.com.br"
"Rowohlt Verlag","Germany","info@rowohlt.de"
"Rubinstein Publishing","The Netherlands","info@rubinstein.nl"
"Rue de l'échiquier","France","thomasbout@ruedelechiquier.net"
"Rue De Sevres","France","idarthy@ecoledesloisirs.com"
"Rue du Monde","France","ruedumonde@wanadoo.fr"
"Running Press / Perseus","USA","jennifer.schaper@perseusbooks.com"
"Rusconi Libri spa","Italy","info@rusconilibri.it"
"Safari (Epublic)","Korea","yhsim@epublic.co.kr"
"Safari (Epublic)","Korea","yhsim@epublic.co.kr"
"Sakyejul Publishing L.t.d.","Korea","kanghjoo@sakyejul.co.kr"
"Sakyejul Publishing L.t.d.","Korea","kanghjoo@sakyejul.co.kr"
"Adriano Salani Editore srl","Italy","raffaella.salluzzi@salani.it"
"The Salariya Book Co. Ltd","Great Britain","lizzie.kelly@salariya.com"
"Ediciones Saldaña, S.A.","Spain","maite@edicionessaldana.com"
"Sallim Publishing Co.","Korea","selim@sallimbooks.com"
"Sallim Publishing Co.","Korea","selim@sallimbooks.com"
"Salon Du Livre Et De La Presse Jeunesse En Seine-saint-denis","France","contact@slpj.fr"
"Saltkråkan Ab / Salikon Förlag Ab","Sweden","info@saltkrakan.se"
"Edizioni San Paolo srl","Italy","sanpaoloedizioni@stpauls.it"
"Editions Sarbacane","France","phianh@lapetiteagence.fr"
"Sarigaga Books","Turkey","esra@sarigaga.com"
"Sarigaga Books","Turkey","esra@sarigaga.com"
"Sàrmede-Paese della Fiaba Fondazione Štepan Závrel","Italy","info@sarmedemostra.it"
"Sassi Editore srl","Italy","ester@sassieditore.it"
"Scandinavia Publishing House","Denmark","bookfair@sph.as"
"Schibsted Forlag","Norway","barnogungdom@schibstedforlag.no"
"Scholastic Australia Pty Ltd","Australia","customer_service@scholastic.com.au"
"Scholastic Canada Ltd.","Canada","mmaclagan@scholastic.ca"
"Scholastic, Inc.","USA",""
"Scholastic Ltd.","Great Britain","rights@scholastic.co.uk"
"Scholastic New Zealand Ltd.","New Zealand",""
"Schweizer Buchhändler-und Verleger-Verband SBVV","Switzerland","messen@sbvv.ch"
"Second Story Press","Canada","admin@secondstorypress.ca"
"Piacente Giuseppe Secop Edizioni","Italy","peppinopiacente@secopedizioni.it"
"Semafora d.o.o.","Croatia","naklada@semafora.hr"
"Sentries","Turkey","contact@sentries.com.tr"
"Sesame Workshop","USA","jacquelien.hou@sesame.org"
"Settenove edizioni","Italy","info@settenove.it"
"Seuil Jeunesse","France","chartmann@lamartiniere.fr"
"SEV Publishing Education and Trading Inc.","Turkey","info@redhouse.com.tr"
"Seven Stories Press","USA","info@sevenstories.com"
"Shabaviz Publishing Co.","Iran","shabaviz@shabaviz.com;shabaviz_publication@yahoo.com"
"Shanghai Century Publishing Co., Ltd. Juvenile &amp; Children's Publishing House","China","wangcatherine901@163.com"
"Shannxi Future Publishing House Co., Ltd.","China","86589158@qq.com"
"Sharjah International Book Fair","U.A.E.","faisal@sharjahbookfair.com"
"Shemetsneba LTD","Georgia","info@shemetsneba.ge"
"Shenzhen Huaxin Printing Co., Ltd","China","info@ehxprint.com"
"Shenzhen Jinhao Color Printing Co., Ltd","China","admin@lzjhy.com"
"Shoebox Media","Canada","info@shoeboxmedia.net"
"Shogakukan Inc.","Japan","enquiry@mail.shogakukan.co.jp"
"Shueisha Inc.","Japan","udagawa@shueisha.co.jp"
"SigongJunior","Korea","amelie@sigongsa.com"
"SigongJunior","Korea","amelie@sigongsa.com"
"Simon &amp; Schuster Children's Publishing","USA","sschildrensubrights@simonandschuster.com"
"Simply Read Books","Canada","info@simplyreadbooks.com"
"Sinnos Soc. Coop. Sociale - Onlus","Italy","info@sinnos.org"
"Slovakia - Literárne Informacné Centrum","Slovakia","ludia@litcentrum.sk"
"Slovart Publishing, Ltd.","Slovakia","hudakova@slovart.sk"
"Slovart Publishing, Ltd.","Slovakia","hudakova@slovart.sk"
"Slovenian Book Agency","Slovenia","gp.jakrs@jakrs.si"
"Grupo SM","Spain","comunicacion@grupo-sm.com;internacional@grupo-sm.com"
"Smarthan","Korea","eunjin@smart-han.kr"
"Smarthan","Korea","eunjin@smart-han.kr"
"Editions Soleil","France","saupert@groupedelcourt.com"
"Somebooks","Korea","chosunkyung@gmail.com"
"Somebooks","Korea","chosunkyung@gmail.com"
"Somnins","Spain","info@somnins.cat"
"Soulières Éditeur","Canada","soulieres.editeur@videotron.ca"
"Sourcebooks, Inc.","USA","sara.hartman@sourcebooks.com"
"Federación de Gremios de Editores de España","Spain","comext@fge.es"
"Spaudos Praktika","Lithuania","spauda@repro.lt"
"Steinkis Group","France",""
"Stenhouse Publishers","USA","customerservice@stenhouse.com"
",,step Puzzle","Russia","steppuzzle@gmail.com"
"Sterling Publishers Pvt. Ltd","India","mail@sterlingpublishers.com"
"Sterling Publishing Co., Inc.","USA","mkretzer@sterlingpublishing.com"
"StoryToys","Ireland","info@storytoys.com"
"StoryToys","Ireland","info@storytoys.com"
"Strip Art Features","Slovenia","info@safcomics.com"
"Studio Fun International Ltd","Great Britain","Louisa_Holbrook@readersdigest.co.uk"
"Susaeta Ediciones, s.a.","Spain","general@susaeta.com"
"Suzuki Publishing Co., Ltd.","Japan","edit-info@suzuki-syuppan.co.jp"
"Sweet Cherry Publishing","Great Britain","info@sweetcherrypublishing.com"
"Syros Jeunesse","France","smini@syros.fr"
"Tahsil Publishing-Polygraphy","Azerbaijan","tahsil_az@yahoo.com"
"Tahsil Publishing-Polygraphy","Azerbaijan","tahsil_az@yahoo.com"
"Taipei Book Fair Foundation","Taiwan","michelle@taipeibookfair.org"
"Takatuka","Spain","patric@takatuka.cat"
"Editions Talents Hauts","France","laurence.faron@talentshauts.fr"
"Tamer Institute for Community Education","Palestine","tamer@palnet.com"
"Tammi Publishers-Represented by Elina Ahlbäck Literary Agency","Finland","firstname.surname@tammi.fi"
"Tangerine Designs Ltd.","Great Britain","sales@tangerinedesigns.co.uk"
"Tara Books Pvt Ltd","India","mail@tarabooks.com"
"Tate Enterprises Ltd","Great Britain","tgpl@tate.org.uk"
"Tbc Global Pty Ltd. T/as The Book Company","Australia","accounts1@thebookcompany.com.au"
"Ediciones Tecolote","Mexico","Facebook.com/edicionestecolote"
"Templar Publishing","Great Britain","info@templarco.co.uk"
"Terre di Mezzo Editore","Italy","segreteria@terre.it"
"Tessloff Verlag","Germany","info@tessloff.com"
"Thames &amp; Hudson Ltd","Great Britain","t.zaino@thameshudson.co.uk"
"The Clever Factory, Inc.","USA","sean.buckley@cleverfactory.com"
"The Hong Kong Printers Association","Hong Kong","printers@hkprinters.org"
"The Novelty Book Company","Canada","info@thenoveltybook.com"
"The Team at Devrian Innovations, LLC","USA","clyons@hgusa.com"
"The Text Publishing Co. Pty Ltd.","Australia","books@textpublishing.com.au"
"Thienemann - Esslinger Verlag","Germany","info@thienemann-esslinger.de"
"Thule Ediciones","Spain","info@thuleediciones.com"
"TigerBooks Media GmbH","Germany","s.boerngen@verlagsgruppe-oetinger.de"
"TigerBooks Media GmbH","Germany","s.boerngen@verlagsgruppe-oetinger.de"
"Timpetill srl","Italy","edizioni@timpetill.com"
"Tinybop Inc.","USA","raul@tinybop.com"
"Tinybop Inc.","USA","raul@tinybop.com"
"Todolivro Ltda.","Brazil","stephan@todolivro.com.br"
"Tomorrow Publishing House","China","tomorrowpublishing@163.com"
"Top That Publishing Ltd","Great Britain","emma@topthatpublishing.com;david@topthatpublishing.com"
"Topipittori","Italy","info@topipittori.it"
"Tourbillon","France","geraldine.hummel@groupebayard.com"
"Tragaluz Editores S.A.S","Colombia","info@tragaluzeditores.com"
"Tramuntana Editorial","Spain","info@tramuntanaeditorial.com"
"Tre Publishing House","Vietnam","trepublishinghouse@nxbtre.com.vn"
"Tre Publishing House","Vietnam","trepublishinghouse@nxbtre.com.vn"
"Les Trois Ourses","France","troisourses@wanadoo.fr"
"Tulipan Verlag GmbH","Germany","klussmann@tulipan-verlag.de"
"Ministry of Culture and Tourism Republic of Turkey","Turkey","kygmdisfu@kulturturizm.gov.tr"
"Tyrolia Verlag","Austria","buchverlag@tyrolia.at"
"UAE Board on Books for Young People","U.A.E.","info@uaebby.org.ae"
"Ueberreuter Verlag Gmbh","Germany","office@ueberreuter.de"
"Uitgeverij De Fontein","The Netherlands","jvandeleur@uitgeverijdefontein.nl"
"UNICEF","Italy",""
"Unieboek / Het Spectrum Bv","The Netherlands","info@unieboekspectrum.nl"
"Unione Editori e Librai Cattolici Italiani - UELCI","Italy","uelciroma@tiscali.it"
"Unique Inspiration","Great Britain","asif@uniqueinspiration.co.uk"
"Uovonero Edizioni di Enza Crivelli &amp; C. snc","Italy","libri@uovonero.com"
"urbn pockets","Germany","info@urbn-pockets.com"
"urbn pockets","Germany","info@urbn-pockets.com"
"Uruguay Publishers","Uruguay","clustereditorial@mec.gub.uy"
"Usborne Publishing Limited","Great Britain","mail@usborne.co.uk;TeresaN@usborne.co.uk"
"V&amp;A Publishing  Victoria and Albert Museum","Great Britain","vapubs.info@vam.ac.uk"
"V.B.Z. d.o.o.","Croatia","alen.bodor@vbz.hr"
"Editora Vale das Letras","Brazil","fredy@valedasletras.com.br"
"Valentina Edizioni","Italy","info@brioschieditore.it"
"Edizioni Vànvere","Italy","vanvere.edizioni@gmail.com"
"Verlag Freies Geistesleben &amp; Urachhaus","Germany","lin@geistesleben.com"
"Victoria Productions NYC (Book + App)","USA","victoria@vproductions.net"
"Vielflieger Verlag","Germany","felix.busse@vielflieger-verlag.com"
"De Vier Windstreken","The Netherlands","bob.markus@vierwindstreken.com"
"Viking Children's Books USA","USA","penguinyr.subrights@us.penguingroup.com"
"Voazoa Inc.","Korea","contact@voazoa.com"
"Voazoa Inc.","Korea","contact@voazoa.com"
"Vydavnytstvo Starogo Leva (The Old Lion Publishing House)","Ukraine","lev@starlev.com.ua"
"Walker Books Limited including: Candlewick Press; Walker Books Australia (including the imprint Black Dog Books)","Great Britain",""
"Wallonie Bruxelles International","Belgium","e.lambert@wbi.be;yh.rovillard@wbi.be"
"Warner Bros Global Publishing","USA","elaine.piechowski@warnerbros.com"
"Franklin Watts","Great Britain",""
"Wayland Publishers Ltd.","Great Britain",""
"Weldon Owen","Great Britain","info@weldonowenpublishing.com"
"Werkhaus Design und Produktion","Germany","info@werkhaus.de"
"Whitewing","Korea","hermesrick@naver.com"
"Whitewing","Korea","hermesrick@naver.com"
"Widnokrag","Poland","kontakt@wydawnictwo-widnokrag.pl"
"Creative Standard (Wimmelbuchverlag)","Germany","post@wimmelbuchverlag.de"
"Windmill Books &amp; Brown Bear Books","Great Britain","scheung@windmillbooks.co.uk"
"WKÖ FV d. Buch -und Medienwirtschaft","Austria","buchwirtschaft@wko.at"
"Working Partners Ltd","Great Britain","enquiries@workingpartnersltd.co.uk;AlexWebb@rightspeople.com"
"Workman Publishing Co.","USA","international.inquiries@workman.com"
"Worldreader","USA","publishing@worldreader.org"
"Worldreader","USA","publishing@worldreader.org"
"WPG Publishers Belgium","Belgium","info@wpg.be"
"WPG Publishers Belgium","Belgium","info@wpg.be"
"Wps Worldwide Printing Solutions Ltd.","China","dima@wpsprint.com"
"Wytwórnia","Poland","magdalenaklos@wytwornia.com"
"Xact Studio International","India","rahul.xact@gmail.com;mohinder.sahni@xactbook.com"
"Xi'an Rongxin Culture Industrial Development Co. Ltd. c/o Toppan Vite","China","rongxin_qianqixin@126.com"
"Xinjiang Juvenile Publishing House","China","guopingxu@vip.163.com"
"Xunta de Galicia","Spain","sxc-subdireccion-bibliotecas.cceou@xunta.es"
"Y &amp; W Industrial Ltd.","Hong Kong","info@ynw.com.hk"
"Y Factory Inc.","Korea","yfactory@yfactorysoft.com"
"Y Factory Inc.","Korea","yfactory@yfactorysoft.com"
"YeaRimDang Publishing Co., Ltd.","Korea","jangmk@yearim-i.kr"
"YeaRimDang Publishing Co., Ltd.","Korea","jangmk@yearim-i.kr"
"Yes Creative Ltd","Taiwan","yesba8@gmail.com"
"Yomad Editions","Morocco","yomadeditions@gmail.com"
"Yomad Editions","Morocco","yomadeditions@gmail.com"
"Young Angels","India","youngangels04@gmail.com"
"Yoyo Books/Big Box Entertainment","USA","publishing@yoyo-books.com"
"Zangak Publishing House","Armenia","info@zangak.am"
"Zangak Publishing House","Armenia","info@zangak.am"
"Zero a Oito","Portugal","rita.moura@zeroaoito.pt"
"Zest Books","USA","hallie@zestbooks.net"
"Zhejiang Jiayi Color Printing Co., Ltd.","China","jiayi@jiayiprinting.com"
"Zhejiang Juvenile and Children's Publishing House Co, Ltd","China","1135605515@qq.com"
"Zhejiang Sinolight Mediatek Co.,ltd.","China","sales@sino-light.com"
"Wydawnictwo Zielona Sowa","Poland","marta.broniarek@zielonasowa.pl"
"ZNU n.v.","Belgium","export@znu.be"
"ZOOlibri di Rabitti Corrado","Italy","press@zoolibri.com"
"Zoom Editions","Luxembourg","info@zoomeditions.com"