"21st Century Publishing Group Co., Ltd";"Repubblica Popolare Cinese";"click1999@tom.com"
"3 Abejas S.A.";"Messico";"aguilarsalas@yahoo.com"
"Editions Les 400 Coups";"Canada";"s.dejocas@editions400coups.com"
"A Buen Paso";"Spagna";"ariannasq@gmail.com"
"A dos d'âne";"Francia";"contact@adosdane.com"
"A pas de loups";"Belgio";"contact@apasdeloups.com"
"A Walk through History";"Russia";"editor@peshkombooks.ru"
"A Walk through History";"Russia";"editor@peshkombooks.ru"
"Aadarsh Pvt. Ltd.";"India";"smita@aadarsh.com"
"A-BA-BA-HA-LA-MA-HA Publishers";"Ucraina";"tmalkovych@gmail.com"
"A-BA-BA-HA-LA-MA-HA Publishers";"Ucraina";"tmalkovych@gmail.com"
"ABC Forlag";"Danimarca";"info@abc-forlag.dk"
"ABC Melody Editions";"Francia";"info@abcmelody.com"
"Abimo Publishers";"Belgio";"info@abimo.net"
"Abimo Publishers";"Belgio";"info@abimo.net"
"Abrams";"Stati Uniti d'America";"rights@hnabooks.com;elasala@abramsbooks.com"
"Editorial Abrete Sésamo";"Argentina";"jimena@editorialabretesesamo.com"
"ACME Cultural Enterprise Co., Ltd.";"Taiwan";"yttiffany@hotmail.com;samchuang2002@gmail.com"
"Actes Sud Junior";"Francia";"junior@actes-sud.fr"
"Advance Publishing";"Stati Uniti d'America";"info@advancepublishing.com;"
"Advocate Art Ltd.";"Gran Bretagna";"olga@advocate-art.com;nick@advocate-art.com;edward@advocate-art.com"
"Afrilivres / Abis Editions";"Senegal";"abiseditions@yahoo.com"
"Agaworld Co. Ltd.";"Repubblica di Corea";"erica@agaworld.com"
"AGO média";"Togo";"agooo@live.fr;paulinassem@yahoo.fr"
"L'Agrume";"Francia";"contact@lagrume.org"
"Ahoiii Entertainment";"Germania";"mail@ahoiii.com"
"Ahoiii Entertainment";"Germania";"mail@ahoiii.com"
"AK Publishing HK Limited";"Hong Kong";"almond@ak-publish.com"
"Yanbow Al Kitab";"Marocco";"yanbowalkitab@gmail.com"
"Yanbow Al Kitab";"Marocco";"yanbowalkitab@gmail.com"
"Al Qasimi";"Emirati Arabi Uniti";"faisal@sibf.com"
"Aladdin Books Ltd";"Gran Bretagna";"sales@aladdinbooks.co.uk"
"Aladin Verlag GmbH";"Germania";"info@aladin-verlag.de"
"Albatros Media a.s";"Repubblica Ceca";""
"Albert Whitman &amp; Company";"Stati Uniti d'America";"int@albertwhitman.com"
"Albin Michel Jeunesse";"Francia";"amj@albin-michel.fr"
"Alfabeta Bokförlag AB";"Svezia";"info@alfabeta.se"
"Algonquin Young Readers";"Stati Uniti d'America";"international.inquiries@workman.com"
"Alice Jeunesse";"Belgio";"info@alice-editions.be"
"Ali-Ink";"Australia";"ali@ali-ink.com.au"
"Allen &amp; Unwin Pty Ltd";"Australia";"info@allenandunwin.com"
"Alma littera";"Lituania";"a.akstiniene@sviesa.lt"
"Alvilda";"Danimarca";"forlaget@alvilda.dk"
"Alzzam Education";"Repubblica di Corea";"janetkim.4137@gmail.com"
"Editorial Amanuta";"Cile";"contacto@amanuta.cl"
"Amapola Editores";"Cile";"contacto@amapolaeditores.cl"
"Amaterra";"Francia";"editions.amaterra@amaterra.fr"
"Amazon Children's Publishing";"Stati Uniti d'America";"foreignrights@amazon.com"
"Amber Books Ltd (Tiptoe Books Ltd)";"Gran Bretagna";"rights@amberbooks.co.uk"
"Ameet Sp. z o.o";"Polonia";"ameet@ameet.pl"
"American Collective Stand";"Stati Uniti d'America";"info@americancollectivestand.com"
"A.M.K. (Service) Agency Ltd";"Gran Bretagna";"barbara@amk.org"
"A.M.K. (Service) Agency Ltd";"Gran Bretagna";"barbara@amk.org"
"AMP srl";"Italia";"info@magicpad.it"
"Andana Editorial";"Spagna";"andana@andana.net"
"Andersen - Feguagiskia' Studios";"Italia";"andersen@andersen.it"
"Andersen Press Ltd.";"Gran Bretagna";"SPakenham@penguinrandomhouse.co.uk"
"Âne bâte Édiotions";"Francia";"anebate.editions@gmail.com"
"Anhui Children's Publishing House";"Repubblica Popolare Cinese";"ahserui@foxmail.com"
"Anness Publishing Ltd.";"Gran Bretagna";"info@anness.com"
"Annick Press Ltd.";"Canada";"gaynat@annickpress.com"
"Anno Domini Publishing Limited";"Gran Bretagna";"davidv@ad-publishing.co.uk;annetter@ad-publishing.co.uk"
"Antares LTD";"Armenia";"antares@antares.am"
"Antares LTD";"Armenia";"antares@antares.am"
"Ant's Books";"Italia";"info@antsbooks.it"
"AppGeneration";"Portogallo";"info@appgeneration.com"
"AppGeneration";"Portogallo";"info@appgeneration.com"
"Applebee Publishing Inc.";"Repubblica di Corea";"sun4889@applebeebook.com"
"Les Apprentis Reveurs";"Francia";"contact@apprentisreveurs.com"
"Arab Children's Book Publishers Forum";"Emirati Arabi Uniti";"acbpf@yahoo.com"
"Arbeitsgemeinschaft von Jugendbuchverlagen e.V. (avj)";"Germania";"info@avj-online.de"
"Arbeitskreis für Jugendliteratur e.V.";"Germania";"info@jugendliteratur.org"
"Archive Factory";"Repubblica di Corea";"contact@archivefactory.co.kr"
"Archive Factory";"Repubblica di Corea";"contact@archivefactory.co.kr"
"Arcturus Publishing Ltd";"Gran Bretagna";""
"Arena Verlag Gmbh";"Germania";"lizenzen@arena-verlag.de"
"Cámara Argentina del Libro";"Argentina";"mmengucci@editores.org.ar"
"Argentina-Export Promotion Agency-Fundación Exportar";"Argentina";"aperetti@exportar.org.ar"
"Ariella Verlag/ Ariella Books";"Germania";"halberstam@ariella-verlag.de"
"Aries";"Francia";"celine@aries-esi.net"
"Edizioni Arka srl";"Italia";"arka@arkaedizioni.it"
"Ars in Fabula";"Italia";"info@arsinfabula.com;info@fabbricadellefavole.com"
"arsEdition GmbH";"Germania";"verlag@arsedition.de"
"Art &amp; Collection Group";"Taiwan";"bogu@artouch.com"
"Art Forum";"Slovacchia";"vydavatel@artforum.sk"
"Art Forum";"Slovacchia";"vydavatel@artforum.sk"
"Art Stories srl";"Italia";"federica.pascotto@artstories.it"
"Art Stories srl";"Italia";"federica.pascotto@artstories.it"
"Edizioni Artebambini snc";"Italia";"info@artebambini.it"
"Artes de México y del Mundo, S.A. de C.V.";"Messico";"artesdemexico@artesdemexico.com"
"H. Aschehoug &amp; Co. (W. Nygaard)";"Norvegia";"post@aschehoug.no"
"Associació d'Editors en Llengua Catalana";"Spagna";"info@editors.cat"
"Association of Young Authors in Korea";"Repubblica di Corea";"zenastar@naver.com"
"Associazione Autori di Immagini";"Italia";"info@autoridimmagini.it"
"Mattoni a Fumetti per i Terremotati dell'Emilia";"Italia";"info@massimobonfatti.it"
"AIB - Associazione Italiana Biblioteche";"Italia";"segreteria@aib.it"
"Associazione Italiana Editori";"Italia";"aie@aie.it"
"Associazione Tapirulan";"Italia";"info@tapirulan.it"
"Astra Publishing";"Ucraina";"nani@astradesig.com.ua"
"The Astrid Lindgren Memorial Award";"Svezia";"literatureaward@alma.se"
"Ática/ Scipione";"Brasile";"paulo.verano@abrileducacao.com.br"
"Atlantis Verlag im Orell Füssli Verlag";"Svizzera";"sindhya.bergamin@ofv.ch"
"Atlantyca Entertainment";"Italia";"ilariacassano@atlantyca.it"
"Atrium Verlag AG";"Svizzera";"r.reichstein@verlagsgruppe-oetinger.de"
"Australian Licensing Corporation (A.L.C.)";"Australia";"maryhare@alc-online.com"
"Australian Publishers Association";"Australia";""
"Austrian Federal Economic Chamber";"Austria";"marion.tschernutter@wko.at"
"Autêntica Editora";"Brasile";"angela@grupoautentica.com.br"
"Authorization And Troika Books Ltd";"Gran Bretagna";"martin-west@btconnect.com"
"Autrement Jeunesse";"Francia";""
"Autumn Publishing";"Gran Bretagna";"enquiries@autumnpublishing.co.uk"
"Editions Auzou - EDI";"Francia";"aurelia.hardy@auzou.com"
"Averbode Publishers";"Belgio";"info@verbode.be"
"Averbode Publishers";"Belgio";"info@verbode.be"
"Award Publications Ltd.";"Gran Bretagna";"info@awardpublications.co.uk"
"AZ Books, LLC";"Stati Uniti d'America";"info@az-books.com"
"b small publishing Ltd.";"Gran Bretagna";"books@bsmall.co.uk"
"B.Jain Publishers Pvt Ltd";"India";"nitin@bjain.com;anish@bjain.com"
"B4U Publishing s.r.o.";"Repubblica Ceca";"jitka.albrechtova@b4upublishing.com"
"Babalibri srl";"Italia";"info@babalibri.it"
"Babel Libros S.A.S.";"Colombia";"libros.babel@gmail.com"
"Babidi-Bú";"Spagna";"adm@babidibulibros.com"
"Bnc Co.,ltd.";"Repubblica di Corea";"little19@naver.com"
"Bacchilega Junior Mosaico Cooperativa";"Italia";"info@bacchilegaeditore.it"
"Baeckens Books";"Belgio";"jos@baeckensbooks.be"
"Baeckens Books";"Belgio";"jos@baeckensbooks.be"
"Bakame Editions";"Ruanda";"info@bakame.rw"
"Bakmi Publishing House";"Georgia";"bakmipublishing@gmail.com"
"Bakur Sulakauri Publishing";"Georgia";"info@sulakauri.ge"
"Balance Rief";"Svizzera";"info@kalshoven-productions.de"
"Balivernes Editions";"Francia";"editions@balivernes.com"
"Ballon Media NV";"Belgio";"s.mertens@ballonmedia.com"
"Bamboo Edition";"Francia";"c.loiselet@bamboo.fr"
"Editorial Bambú, an imprint of Editorial Casals";"Spagna";"rights@editorialbambu.com"
"Bandal";"Repubblica di Corea";"fallinnosto@hanmail.net"
"Bandal";"Repubblica di Corea";"fallinnosto@hanmail.net"
"Baobab";"Repubblica Ceca";"baobabooks@gmail.com"
"Baobab Books";"Svizzera";"info@baobabbooks.ch"
"Editorial Barcanova, S.A.";"Spagna";"barcanova@barcanova.cat"
"Barcelona Multimedia";"Spagna";"directa@bcnmultimedia.com"
"Barrington Stoke";"Gran Bretagna";"info@barringtonstoke.co.uk"
"Baumhaus Verlag in der Bastei Lübbe AG";"Germania";"juliane.anger@luebbe.de"
"Groupe Bayard";"Francia";"geraldine.hummel@groupebayard.com"
"Bayard Canada";"Canada";"gilda.routy@bayardcanada.com"
"Bayard Editions";"Francia";"geraldine.hummel@groupebayard.com"
"Bear Books";"Repubblica di Corea";"bear@bearbooks.co.kr"
"Bear Books";"Repubblica di Corea";"bear@bearbooks.co.kr"
"Beaver Books Publishing";"Canada";"sales@beaverbooks.ca"
"becker&amp;mayer! Books";"Stati Uniti d'America";"lisar@beckermayer.com"
"Editorial Beeme";"Argentina";"editorialbeeme@hotmail.com"
"Beijing Allied Fortune Printing Ltd";"Repubblica Popolare Cinese";"daniel@af-print.com"
"Beijing Language and Culture University Press";"Repubblica Popolare Cinese";""
"Beisler Editore srl";"Italia";"info@beisler.it"
"Éditions Belin";"Francia";"anne.vignau@editions-belin.fr"
"Bellwether Media";"Stati Uniti d'America";"orders@bellwethermedia.com"
"Julius Beltz Gmbh &amp; Co. KG";"Germania";"info@beltz.de"
"Bendon, Inc.";"Stati Uniti d'America";"ccooke@bendonpub.com"
"Benjamins Media";"Francia";"contact@benjamins-media.org"
"Berbay Publishing";"Australia";"alexandra@berbaybooks.com"
"Berghs Förlag AB";"Svezia";"info@berghsforlag.se"
"Editorial Betina SRL";"Argentina";"info@editorialbetina.com.ar"
"BIBIANA - International House of Art for Children";"Slovacchia";"bib@bibiana.sk"
"Biblioteca dei Leoni";"Italia";"office@lcedesign.com"
"Bibliothèque Nationale de France - Centre National de la Littérature pour la Jeunesse";"Francia";"cnlj-jpl.contact@bnf.fr"
"Bigini Reklame - The Nordic Collective Stand";"Danimarca";"bigini@bigini.dk;linda@bigini.dk;birgitte@bigini.dk"
"Bigstar Global Co., Ltd";"Repubblica di Corea";"eshwang@bigstarglobal.com"
"Editora Biruta";"Brasile";"carolina@editorabiruta.com.br"
"Editora Biruta";"Brasile";"carolina@editorabiruta.com.br"
"BL Publishing Co., Ltd.";"Giappone";""
"Bloomsbury Publishing PLC";"Gran Bretagna";"rights@bloomsbury.com"
"Blue Bird Books (Elmi-Farhangi Publishing Co.)";"Iran";"info@elmifarhangi.ir"
"Blue Line";"Repubblica Sudafricana";"storycase@blue-line.io"
"Blue Line";"Repubblica Sudafricana";"storycase@blue-line.io"
"Blue Ocean Entertainment AG";"Germania";"info@blue-ocean-ag.de"
"BoekieBoekie";"Olanda";"jm@boekie-boekie.nl"
"Boje Verlag in der Bastei Lübbe AG";"Germania";"juliane.anger@luebbe.de"
"Bokadeild Föroya Laerarafelags";"Isole Faeroer Danesi";"bfl@bfl.fo"
"Bokförlaget Opal AB";"Svezia";"opal@opal.se"
"Bom Jesus Publisher";"Brasile";"editorabomjesus@bomjesus.br"
"Bombom Publishing. Co.";"Repubblica di Corea";"bbb@bombombook.com"
"Bombom Publishing. Co.";"Repubblica di Corea";"bbb@bombombook.com"
"Bompiani - RCS Libri Spa";"Italia";"paola.zelasco@rcs.it"
"Bonnier Rights / Bonnier Carlsen";"Svezia";"info@bonnierrights.se"
"Bonnier Publishing Ltd.";"Gran Bretagna";"info@bonnierpublishing.co.uk"
"Bonnier Rights Finland";"Finlandia";"info@bonnierrights.fi"
"Book Expo America (BEA)";"Stati Uniti d'America";"inquiry@bookexpoamerica.com"
"Book Freight";"Gran Bretagna";"info@bookfreight.com"
"Bookgoodcome Publishing Company";"Repubblica di Corea";"bookgoodcome@gmail.com"
"Bookgoodcome Publishing Company";"Repubblica di Corea";"bookgoodcome@gmail.com"
"Books Illustrated";"Australia";"info@booksillustrated.com.au"
"Bookworks LLC";"Stati Uniti d'America";"info@bookworksllc.com"
"Boomerang éditeur jeunesse";"Canada";"info@boomerangjeunesse.com"
"Borella srl";"Italia";"info@orsomago.it"
"Bosz";"Polonia";"marketing@bosz.com.pl"
"Boxer Books Limited";"Gran Bretagna";"db@boxerbooks.com"
"Boyds Mills Press";"Stati Uniti d'America";"international@highlights.com"
"Brancato Multimedia srl";"Italia";"fonzie@brancatomultimedia.it"
"Breitschopf Julius GmbH , Verlagsbuchhandlung";"Austria";"breitschopf.verlag@utanet.at"
"Brijbasi Art Press-Hello Friend";"India";"sanjayd@hellofriendbooks.com"
"Edicions Bromera";"Spagna";"bromera@bromera.com"
"Bronze Publishing";"Giappone";"naoko-t@bronze.co.jp"
"Brown Watson";"Gran Bretagna";"books@brownwatson.co.uk"
"Editions Bulles de Savon";"Francia";"contact@editions-bullesdesavon.com"
"Bulls Presstjänst AB";"Svezia";"licensing@bulls.se"
"Button Books";"Gran Bretagna";"mela@thegmcgroup.com"
"Vydavatelstvo Buvik, s.r.o.";"Slovacchia";"buvik@buvik.sk"
"Vydavatelstvo Buvik, s.r.o.";"Slovacchia";"buvik@buvik.sk"
"Calcium Creative Ltd";"Gran Bretagna";"sarah@calciumcreative.co.uk"
"Calibroscopio Ediciones";"Argentina";"editorial@calibroscopio.com.ar"
"Calligram";"Svizzera";"commercial@calligram.ch"
"Istituto Callis Italia c/o Souza";"Italia";"info@istitutocallis.it;editorial@callis.com.br"
"Callis Editora";"Brasile";"editorial@callis.com.br"
"Cámara Boliviana del Libro";"Bolivia";"presidencia@camaralibrocbba.org"
"Camara Brasileira do Livro";"Brasile";"brazilianpublishers@cbl.org.br"
"Cámara Colombiana del Libro";"Colombia";"amartinez@camlibro.com.co"
"Cambridge School of Art, Anglia Ruskin University";"Gran Bretagna";"pam.smy@anglia.ac.uk"
"Camelozampa";"Italia";"info@camelozampa.com"
"Livres Canada Books";"Canada";"info@livrescanadabooks.com"
"Cappelen Damm";"Norvegia";"rights@cappelendamm.no"
"Capstone";"Stati Uniti d'America";"customer.service@capstonepub.com"
"Editions Caramel";"Belgio";"jmdoultremont@caramel.be"
"Caramel Tree";"Canada";"angieroh@carameltree.com"
"Carl Sams II Photography, Inc";"Stati Uniti d'America";"carlsams@carlsams.com"
"Carlsen Verlag GmbH";"Germania";"info@carlsen.de"
"Carlton Publishing Group";"Gran Bretagna";"jpacheco@carltonbooks.co.uk"
"Carthusia Edizioni";"Italia";"info@carthusiaedizioni.it"
"Editorial Casals";"Spagna";"rights@editorialbambu.com"
"Il Castello Editore srl";"Italia";"laura.chiappella@ilcastelloeditore.it"
"Editions Casterman S.A.";"Belgio";"jbaron@casterman.com"
"Ediciones Castillo, S.A. de C.V.";"Messico";"mmendia@grupomacmillan.com"
"Editrice Il Castoro srl";"Italia";"info@castoro-on-line.it"
"cbj Verlag";"Germania";"klaus.renner@randomhouse.de"
"Cedic International";"Stati Uniti d'America";"pedro@cedicbrasil.com.br"
"Centro per il libro e la lettura. MiBACT";"Italia";"c-ll@beniculturali.it"
"C'era una volta srl";"Italia";"info@ideapaolo.it"
"Changbi Publishers, Inc.";"Repubblica di Corea";"copyright2@changbi.com"
"Changbi Publishers, Inc.";"Repubblica di Corea";"copyright2@changbi.com"
"Changjiang Children' Press  Ltd.";"Repubblica Popolare Cinese";"yepeng0317@163.com"
"Chantecler";"Belgio";"export@znu.be"
"Charlesbridge Publishing";"Stati Uniti d'America";"masabia@charlesbridge.com"
"Cheeky Monkey Publishing Ltd.";"Gran Bretagna";"peter@cheekymonkeypublishing.com"
"The Chicken House";"Gran Bretagna";"chickenhouse@doublecluck.com"
"Child Honsha Co., Ltd.";"Giappone";""
"Children's Books USA, Inc.";"Stati Uniti d'America";"info@childrensbooksusa.com"
"Children's Fun Pulishing Company, Ltd";"Repubblica Popolare Cinese";"corporateweb@egmont.com"
"Children's Publications Co. Ltd.";"Taiwan";"cplemail@ms11.hinet.net"
"Child's Play (International) Ltd.";"Gran Bretagna";"office@childs-play.com"
"China Children's Press &amp; Publication Group";"Repubblica Popolare Cinese";"zengyi@ccppg.com.cn"
"China Intercontinental Press";"Repubblica Popolare Cinese";"zhulili@cicc.org.cn"
"The ChoiceMaker Pty Ltd.";"Australia";"export@thechoicemaker.com;jane.kim@thechoicemaker.com"
"Chouette Publishing";"Canada";"foreignrights@editions-chouette.com"
"Chronicle Books";"Stati Uniti d'America";"frontdesk@chroniclebooks.com"
"Les Éditions du Chu Saint-Justine";"Canada";"ppattewilbert@wanadoo.fr"
"Cidcli S.C.";"Messico";"elica@prodigy.net.mx"
"Ciranda Cultural";"Brasile";"sales@cirandaculturalpub.com;donaldo@cirandacultural.com.br"
"Ciranda Cultural";"Gran Bretagna";"sales@cirandaculturalpub.com;donaldo@cirandacultural.com.br"
"Circonflexe - Millepages";"Francia";"info@circonflexe.fr"
"Círculo de Lectores";"Colombia";"cattor@circulo.com.co"
"Clavis Publishing";"Belgio";"info@clavisbooks.com"
"La Coccinella srl";"Italia";"trade@coccinella.com"
"Collage Editores S.A.S.";"Colombia";"info@collageeditores.com"
"Combel Editorial";"Spagna";"rights@combeleditorial.com"
"Combined Book Exhibit";"Stati Uniti d'America";"info@combinedbook.com"
"CommonWealth Magazine Group";"Taiwan";"peiyingl@cw.com.tw"
"Compact Verlag Gmbh";"Germania";"giancarlo.russo@compactverlag.de"
"Companhia das Letras";"Brasile";"rita.mattar@ciadasletras.com.br"
"Editorial Comunicarte";"Argentina";"editorial@comunicarteweb.com.ar"
"Conad - Consorzio Nazionale Dettaglianti Società Cooperativa";"Italia";"scrittoridiclasse@insiemeperlascuola.it"
"Confucius Institute Headquarters";"Repubblica Popolare Cinese";"majianan@hanban.org"
"Consejo Nacional de Fomento Educativo";"Messico";"acantu@conafe.gob.mx"
"Consejo Nacional de la Cultura y las Artes";"Cile";"gerardo.valle@cultura.gob.cl"
"Consulta Libri e Progetti";"Italia";"edizioniconsulta@virgilio.it"
"Coppenrath Verlag";"Germania";"info@coppenrath.de"
"Maurizio Corraini srl";"Italia";"info@corraini.com"
"Edizioni Corsare";"Italia";"edizionicorsare@gmail.com"
"Cortez Editora";"Brasile";"erivan@cortezeditora.com.br"
"Cosac Naify";"Brasile";"belcoelho@cosacnaify.com.br;vanessa.goncalves@cosacnaify.com.br"
"Cosac Naify";"Brasile";"belcoelho@cosacnaify.com.br;vanessa.goncalves@cosacnaify.com.br"
"Editions Courtes et Longues";"Francia";"info@cleditions.com"
"Crabtree Books";"Canada";"kelly_s@crabtreebooks.com"
"Creabooks Packagers";"Italia";"info@abooks.it"
"Creativamente srl";"Italia";"info@creativamente.eu"
"The Creative Company";"Stati Uniti d'America";"tjpeterson@thecreativecompany.us"
"Creators Factory International";"Giappone";"kaguken@almond.ocn.ne.jp"
"Evenio d.o.o.";"Croazia";"info@evenio.hr"
"Evenio d.o.o.";"Croazia";"info@evenio.hr"
"Naša Djeca d.o.o.";"Croazia";"nasa-djeca@nasa-djeca.hr"
"Naša Djeca d.o.o.";"Croazia";"nasa-djeca@nasa-djeca.hr"
"Croatia - Chamber of Economy";"Croazia";"mgjeldum@hgk.hr"
"Mala Zvona d.o.o.";"Croazia";"info@mala.zvona.hr"
"Dakovacki Kulturni Krug";"Croazia";"cmirko87@gmail.com"
"Etno trend d.o.o";"Croazia";"nikolina.matetic@zg.t-com.hr"
"Udruga Sa(n)jam knjige u Istri";"Croazia";"monte.libric@sanjamknjige.hr"
"Sipar";"Croazia";"sipardoo@gmail.com"
"Naklada Ljevak d.o.o.";"Croazia";"naklada-ljevak@naklada-ljevak.hr"
"Algoritam d.o.o.";"Croazia";"veleprodaja.naklada@algoritam.hr"
"Mozaik Knjiga d.o.o.";"Croazia";"zoran.maljkovic@mozaik-knjiga.hr"
"Medit d.o.o.";"Croazia";"medit@pu.t-com.hr"
"Planetopija d.o.o.";"Croazia";"planetopija@planetopija.hr"
"Croatia - Ministry of Culture";"Croazia";"nevena.tudorperkovic@min-kulture.hr"
"Znanje d.o.o.";"Croazia";"redakcija@znanje.hr"
"Znanje d.o.o.";"Croazia";"redakcija@znanje.hr"
"My Magical Thoughts Ltd";"Croazia";"helena@helenabulaja.net"
"Naklada Nika";"Croazia";"rights@nakladanika.hr"
"Arte Insula";"Croazia";"manuela.vladic@gmail.com"
"Artresor Naklada";"Croazia";"kontakt@artresor.hr"
"Knjiga u Centru / The Book in the Centre";"Croazia";"dokic_ana@yahoo.com"
"Skolska Knjiga";"Croazia";"emica.calogjera@skolskaknjiga.hr"
"Hrvatska Djecja Knjiga - Croatian Children's Book";"Croazia";"info@hrvatskadjecjaknjiga.com"
"Editorial Cuarto Propio";"Cile";"marisol.cuartopropio@gmail.com"
"Cuberdon Books";"Belgio";"geert.serre@cuberdonbooks.com"
"Culture Platform Inc.";"Repubblica di Corea";"sensitivebear@gmail.com"
"Culture Platform Inc.";"Repubblica di Corea";"sensitivebear@gmail.com"
"Edizioni Curci";"Italia";"info@edizionicurci.it"
"Cyls Editores";"Venezuela";"cylseditores@gmail.com"
"Cyls Editores";"Venezuela";"cylseditores@gmail.com"
"Cyprus Association on Books for Young People";"Cipro";"costaskatsonis@gmail.com"
"Daekyo Co., Ltd";"Repubblica di Corea";"changhoon_lee@deakyo.co.kr"
"Daekyo Co., Ltd";"Repubblica di Corea";"changhoon_lee@deakyo.co.kr"
"Dala Publishing Company";"Taiwan";"vinelle@locuspublishing.com"
"Dami International (an imprint of Giunti Editore spa)";"Italia";"redazioneragazzi@giunti.it"
"Dami International (an imprint of Giunti Editore spa)";"Italia";"redazioneragazzi@giunti.it"
"Danish Arts Foundation, Literature";"Danimarca";"litt@kulturstyrelsen.dk"
"Dar Al-Sadeeq for publishing";"Giordania";"s.f.t@outlook.com"
"Dar Al-Sadeeq for publishing";"Giordania";"s.f.t@outlook.com"
"Dar Onboz";"Libano";"daronboz@gmail.com"
"Dar Onboz";"Libano";"daronboz@gmail.com"
"Dash Editora";"Brasile";"dasheditora@gmail.com"
"David West Children's Books";"Gran Bretagna";"dww@btinternet.com"
"Davidsfonds/Infodok";"Belgio";"uitgeverij@davidsfonds.be"
"Davidsfonds/Infodok";"Belgio";"uitgeverij@davidsfonds.be"
"Daylight Publishing House";"Repubblica Popolare Cinese";"yddaylight@126.com"
"DC Entertainment";"Stati Uniti d'America";"sandy.resnick@dccomics.com"
"De Agostini Libri spa";"Italia";"comunicazione.deagostinilibri@deagostini.it"
"De Eenhoorn";"Belgio";"rights@eenhoorn.be"
"De Eenhoorn";"Belgio";"rights@eenhoorn.be"
"Ediciones De La Flor SRL";"Argentina";"delaflor@edicionesdelaflor.com.ar"
"De la Martinière Jeunesse";"Francia";"chartmann@lamartiniere.fr"
"Debit";"Polonia";"wyddebit@bb.onet.pl"
"Editora Dedo De Prosa Ltda. EPP";"Brasile";"silvia@editoradedodeprosa.com.br"
"Deirdre Whelan Publishing Ltd.";"Irlanda";"info@dwp.ie"
"Ediciones Del Eclipse SRL";"Argentina";"edicionesdeleclipse@gmail.com"
"Del Naranjo SRL";"Argentina";"a.avila@delnaranjo.com.ar"
"Editions Delcourt";"Francia";"tleroux@groupedelcourt.com"
"Deltas-ZNU n.v.";"Belgio";"export@znu.be"
"Design Kids";"Repubblica di Corea";"d4k903@naver.com"
"Design Kids";"Repubblica di Corea";"d4k903@naver.com"
"Design-Namoo";"Repubblica di Corea";"namoo8004@naver.com"
"Design-Namoo";"Repubblica di Corea";"namoo8004@naver.com"
"Deutsche Bibelgesellschaft";"Germania";"info@dbg.de"
"Deutscher Taschenbuch Verlag GmbH &amp; CO.KG";"Germania";"junior@dtv.de"
"Dial Books for Young Readers";"Stati Uniti d'America";"penguinyr.subrights@us.penguingroup.com"
"Didier Jeunesse";"Francia";"contact@editions-didier.fr"
"Difundir Ltda.";"Colombia";"difundirltda@yahoo.es"
"Diogenes Verlag AG";"Svizzera";"info@diogenes.ch"
"Disney Hyperion";"Stati Uniti d'America";""
"Disney- Lucas-Marvel (an imprint of Giunti Editore spa)";"Italia";"redazioneragazzi@giunti.it"
"Djecja Knjiga";"Croazia";"kasmir@kasmir-promet.com"
"DNP America, LLC";"Stati Uniti d'America";"Itou-s20@mail.dnp.co.jp"
"Dogan Egmont Yayincilik A.S.";"Turchia";"corporateweb@egmont.com"
"Dominique et Compagnie";"Canada";"barbara.creary@dominiqueetcompagnie.com"
"Donzelli Editore";"Italia";"editore@donzelli.it"
"Dorling Kindersley";"Gran Bretagna";""
"Dreamland Publications";"India";"dreamland@vsnl.com"
"Dreamworks Animation Publishing LLC";"Stati Uniti d'America";"shannon.parsells@dreamworks.com"
"Dressler Verlag GmbH";"Germania";"dressler@verlagsgruppe-oetinger.de"
"Duckbill Books";"India";"sayoni@duckbill.in;platypus@duckbill.in"
"Duckbill Books";"India";"sayoni@duckbill.in;platypus@duckbill.in"
"Dutch Foundation for Literature";"Olanda";"post@letterenfonds.nl"
"Dutton Children's Books";"Stati Uniti d'America";"penguinyr.subrights@us.penguingroup.com"
"Dwie Siostry Wydawnictwo";"Polonia";"k.domanska@wydawnictwodwiesiostry.pl"
"Dylar";"Spagna";"dylar@dylar.es"
"Eastcolor Paper Products Co., Ltd.";"Repubblica Popolare Cinese";"sales@eppcl.com"
"L'Ecole/L'Ecole des Loisirs";"Francia";"edl@ecoledesloisirs.com"
"Edebe";"Spagna";"mpalomares@edebe.net"
"Edelvives";"Spagna";"info@edelvives.es"
"Gruppo Edicart S.r.l.";"Italia";"info@edicart.it"
"Edicola Ediciones";"Cile";"paolo.primavera@gmail.com"
"Éditions Ada  Inc.";"Canada";"mylene.archambault@ada-inc.com"
"Éditions de l'Isatis";"Canada";"editions_delisatis@hotmail.com"
"Editions le Verger des Hespérides";"Francia";"levergerdeshesperides@hotmail.fr"
"Éditions Michel Quintin";"Canada";"foreignrights@editionsmichelquintin.ca"
"Editions Nara for BLD Editions";"Senegal";"editionsnara@yahoo.fr;bld@bldsn.org"
"Editora do Brasil S/A";"Brasile";"felipe@editoradobrasil.com.br;gilsandro@editoradobrasil.com.br"
"Editora do Brasil S/A";"Brasile";"felipe@editoradobrasil.com.br;gilsandro@editoradobrasil.com.br"
"Editorial Flamboyant";"Spagna";"flamboyant@editorialflamboyant.com"
"Editorial Planeta Colombia S.A.";"Colombia";"bhenao@planeta.com.co"
"Editoriale Scienza srl (an imprint of Giunti Editore spa)";"Italia";"ufficiostampa@editorialescienza.it"
"Edizioni Alfa srl";"Italia";"info@edizionialfa.it"
"Edizioni del Baldo srl";"Italia";"info@pizzighella.com;eleonora.pizzighella@gmail.com"
"Edizioni del Borgo srl (in partnership with Giunti Editore spa)";"Italia";"info@edizionidelborgo.it"
"Edizioni Piemme spa -  Il Battello a Vapore";"Italia";"info@edizpiemme.it"
"Edoki by Les trois elles";"Francia";"valerie@edoki.net"
"Edoki by Les trois elles";"Francia";"valerie@edoki.net"
"Educar Editores s.a.";"Colombia";"gerencia.planlectot@educar.com.co"
"Edu-Petit";"Hong Kong";"mktg@edu-petit.com"
"Edutech srl";"Italia";"f.albiero@edutech.it"
"Edutech srl";"Italia";"f.albiero@edutech.it"
"Edycja Swietego Pawla";"Polonia";"edycja@edycja.com.pl"
"Eerdmans Books for Young Readers";"Stati Uniti d'America";"sales@eerdmans.com"
"Egmont";"Gran Bretagna";"enquiries@euk.egmont.com"
"Nation Egmont Edutainment Co. Ltd";"Tailandia";"corporateweb@egmont.com"
"Egmont Administration";"Danimarca";"corporateweb@egmont.com"
"Egmont International Holding A/S";"Danimarca";"egmont@egmont.com"
"Egmont Publishing Bulgaria";"Bulgaria";"corporateweb@egmont.com"
"Egmont Publishing Croatia";"Croazia";"corporateweb@egmont.com"
"Egmont Publishing Czech Republic";"Repubblica Ceca";"corporateweb@egmont.com"
"Egmont Publishing Denmark";"Danimarca";"corporateweb@egmont.com"
"Egmont Publishing Estonia";"Estonia";"corporateweb@egmont.com"
"Egmont Publishing Finland";"Finlandia";"corporateweb@egmont.com"
"Egmont Publishing Germany";"Germania";"corporateweb@egmont.com"
"Egmont Publishing Germany";"Germania";"corporateweb@egmont.com"
"Egmont Publishing Hungary";"Ungheria";"corporateweb@egmont.com"
"Egmont Publishing Latvija";"Lettonia";"corporateweb@egmont.com"
"Egmont Publishing Lietuva";"Lituania";"corporateweb@egmont.com"
"Egmont Publishing Norway";"Norvegia";"corporateweb@egmont.com"
"Egmont Publishing Poland";"Polonia";"corporateweb@egmont.com"
"Egmont Publishing Romania";"Romania";"corporateweb@egmont.com"
"Egmont Publishing Russia";"Russia";"corporateweb@egmont.com"
"Egmont Publishing Sourcing";"Hong Kong";"corporateweb@egmont.com"
"Egmont Publishing Sweden";"Svezia";"corporateweb@egmont.com"
"Egmont Publishing UK";"Gran Bretagna";"corporateweb@egmont.com"
"Egmont Publishing Ukraine";"Ucraina";"corporateweb@egmont.com"
"Egmont Verlagsgesellschaften / Schneiderbuch";"Germania";"g.toquin@egmont-vg.de"
"Ekaré";"Spagna";"editorial@ekare.com.ve"
"Edizioni EL/Einaudi Ragazzi/Emme Edizioni";"Italia";"edizioniel@edizioniel.it;fatucci@edizioniel.it"
"Ediciones El Naranjo, S.A. de C.V.";"Messico";"edicioneselnaranjo@gmail.com;"
"Elan Vert";"Francia";"elan.vert@wanadoo.fr"
"Mondadori Electa Spa";"Italia";"tiziana.mascia@mondadori.it;francesca.lanzilotti@mondadori.it"
"Elf Publishing House";"Georgia";"right@elf.ge;adm@elf.ge"
"ELI srl";"Italia";"info@elionline.com"
"Elias Modern Publishing House";"Egitto";"info@eliaspublishing.com"
"Elias Modern Publishing House";"Egitto";"info@eliaspublishing.com"
"Else srl";"Italia";"else.edizioni@gmail.com"
"Emse Verlag Berlin";"Germania";"verlag@emse-berlin.de"
"EneDueRabe";"Polonia";"edr@eneduerabe.eu"
"Epigram Books";"Singapore";"enquiry@epigrambooks.sg"
"Epsilon Publishing Ltd.";"Turchia";"epsilon@epsilonyayinevi.com"
"Epsilon Publishing Ltd.";"Turchia";"epsilon@epsilonyayinevi.com"
"Equilibri Cooperativa Sociale";"Italia";"info@equilibri-libri.it"
"Erlangga Publisher";"Indonesia";""
"Erlangga Publisher";"Indonesia";""
"Esperluète Editions";"Belgio";"esperluete.editions@skynet.be"
"Estonian Publishers Association";"Estonia";"kirjastusteliit@eki.ee"
"Estonian Publishers Association";"Estonia";"kirjastusteliit@eki.ee"
"Etxepare Basque Institute";"Spagna";"k-galartza@etxepare.eus"
"Euromedia Group, K.S.";"Repubblica Ceca";"nedbalova.jana@euromedia.cz"
"Euskal Editoreen Elkartea (Basque Language Publishers Association)";"Spagna";"editoreak@editoreak.com"
"Editorial Everest, S. A.";"Spagna";"publicaciones@everest.es"
"Evro-Giunti";"Serbia";"zoran@evro-giunti.com"
"Fabbri Editori - RCS Libri Spa";"Italia";"paola.zelasco@rcs.it"
"Faber &amp; Faber Ltd.";"Gran Bretagna";""
"Fablus";"Canada";"info@fablus.ca"
"Editora Fama Educativa Ltda";"Brasile";"faruk@famaeducativa.com.br"
"Farrar, Straus &amp; Giroux Books for Young Readers";"Stati Uniti d'America";"childrensrights@macmillanusa.com"
"Fatatrac (un marchio di proprietà di Edizioni Del Borgo srl)";"Italia";"info@fatatrac.it"
"Federal Agency for Press and Mass Communications of the Russian Federation";"Russia";"dedey1973@gmail.com"
"Feiwel &amp; Friends";"Stati Uniti d'America";"childrensrights@macmillanusa.com"
"Giangiacomo Feltrinelli Editore";"Italia";"ufficio.stampa@feltrinelli.it;segreteria.editoriale@feltrinelli.it"
"Finken Verlag";"Germania";"info@finken.de"
"Firefly Press Ltd.";"Gran Bretagna";"fireflypress@yahoo.co.uk"
"Firma Ksiegarska Olesiejuk Spolka Z Ograniczona Odpowiedzialnoscia  Sp.j.";"Polonia";"wydawnictwo@olesiejuk.pl;a.lach@olesiejuk.pl"
"First Second";"Stati Uniti d'America";"rights@firstsecondbooks.com"
"First/Gründ";"Francia";"james.elliott@edi8.fr"
"Fischer Kinder-und Jugendbuch Verlag Gmbh";"Germania";"jana.freudenberger@fischerverlage.de"
"Fitzhenry &amp; Whiteside Ltd.";"Canada";"sfitz@fitzhenry.ca"
"The Five Mile Press Pty Ltd";"Australia";"publishing@fivemile.com.au"
"Flammarion-Père Castor";"Francia";"foreignrights@flammarion.fr"
"Flemish Literature Fund";"Belgio";"info@vfl.be"
"Flemish Literature Fund";"Belgio";"info@vfl.be"
"Fleurus Editions";"Francia";"fleuruseditions@fleuruseditions.com"
"Jusu Flintas";"Lituania";"andrius@flintas.lt"
"Flowerpot Press";"Canada";"info@flowerpotpress.com"
"Fondo de Cultura Económica - México";"Messico";"svenegas@fondodeculturaeconomica.com"
"Foreign Language Teaching and Research Press";"Repubblica Popolare Cinese";"zhangrj@fltrp.com"
"Foreword Reviews Collective";"Stati Uniti d'America";"victoria@forewordreviews.com"
"Foto Edizioni srl";"Italia";"fotoedizioni@fotoedizioni.it"
"Fountain of Fairy Tales";"Ucraina";"info@fontan-book.com"
"Fountain of Fairy Tales";"Ucraina";"info@fontan-book.com"
"Les Fourmis Rouges";"Francia";"hannele@hanneleandassociates.fr"
"Fox &amp; Sheep GmbH";"Germania";"verena@foxandsheep.com"
"Fox &amp; Sheep GmbH";"Germania";"verena@foxandsheep.com"
"France-Bureau International de l'Edition Française";"Francia";"info@bief.org;"
"Franckh Kosmos Verlags GmbH &amp; Co. KG";"Germania";"info@kosmos.de;a.hierholz@kosmos.de"
"Frederick Warne";"Gran Bretagna";""
"Free Spirit Publishing";"Stati Uniti d'America";"rights@freespirit.com"
"Froebel-Kan Company, Limited";"Giappone";"info-e@froebel-kan.co.jp"
"Fryderyk Chopin Institute";"Polonia";"akosior@nifc.pl"
"FTD";"Brasile";"foreignright@ftd.com.br"
"FTD";"Brasile";"foreignright@ftd.com.br"
"Fukuinkan Shoten Publishers, Inc.";"Giappone";"international-rights@fukuinkan.co.jp"
"Fundação Nacional do Livro Infantil e Juvenil";"Brasile";"fnlij@fnlij.org.br"
"Fundación Exportar";"Argentina";"aperetti@exportar.org.ar"
"Future Books Ltd.";"Gran Bretagna";"amit@futurebooks.co.in"
"Gaby Books srl";"Repubblica di San Marino";"info@gabybooks.com"
"Gakken Marketing Co., Ltd.";"Giappone";"inq@gakken.co.jp"
"La Galera";"Spagna";"lagalera@lagaleraeditorial.com"
"Gallimard Jeunesse";"Francia";"anne.bouteloup@gallimard-jeunesse.fr"
"Carlo Gallucci Editore srl";"Italia";"info@galluccieditore.com"
"Editions Ganndal";"Repubblica di Guinea";"ganndal.editions@gmail.com;aliau2sow@yahoo.fr"
"Editorial Gato Malo";"Colombia";"editorialgatomalo@yahoo.com"
"Gautier-Languereau / Deux Coqs D'or";"Francia";"avignol@hachette-livre.fr"
"Geddes &amp; Grosset";"Gran Bretagna";"info@waverley-books.co.uk"
"Gemser Publications S.L.";"Spagna";"mercedes@mercedesros.com"
"Georgian National Book Center";"Georgia";"book@msc.gov.ge"
"Geoworld Eu srl";"Italia";"info@geoworldgroup.com"
"Germany - German Collective and Frankfurt Book Fair";"Germania";"buhre@book-fair.com"
"Gerstenberg Verlag GmbH &amp; Co. KG";"Germania";"verlag@gerstenberg-verlag.de"
"Il Giornalino / G Baby Periodici San Paolo";"Italia";"ilgiornalino@ilgiornalino.org"
"Giralangolo (EDT srl)";"Italia";"giralangolo@edt.it"
"Girassol Brasil Edições LTDA";"Brasile";"priscila@girassolbrasil.com.br"
"Girotondo Tre srl";"Italia";"marketing.girotondotoys@gmail.com"
"Giunti Editore spa";"Italia";"dirgen@giunti.it"
"Giunti Junior (an imprint of Giunti Editore spa)";"Italia";"redazioneragazzi@giunti.it"
"Giunti Kids (an imprint of Giunti Editore spa)";"Italia";"redazioneragazzi@giunti.it"
"Giunti Progetti Educativi srl";"Italia";"proed.fi@giunti.it"
"Glénat Editions";"Francia";"louise.carcopino@glenat.com;marion.corveler@glenat.com"
"Globe Edutainment GmbH";"Germania";"she@globe-edutainment.com"
"Globe Publishing";"Danimarca";"info@globe.dk"
"Globi-Verlag";"Svizzera";"info@globi.ch"
"Glüchschuh Verlag";"Germania";"info@glueckschuh-verlag.de"
"Goélette International";"Belgio";"bookfair@goelette.ca"
"Golden Baobab";"Ghana";"deborah@goldenbaobab.org"
"Gottmer Publishing Group";"Olanda";"info@gottmer.nl"
"Grafalco Ediciones S.L.";"Spagna";"george.punnoose@navneet.com"
"Società Editoriale Grafiche AZ srl";"Italia";"l.aldegheri@graficheaz.it"
"Graine 2";"Francia";"e.hourtoulle@graine2-editions.com"
"Editions des Grandes Personnes";"Francia";"editionsdesgrandespersonnes@gmail.com"
"Graph-Art Publishing House";"Ungheria";"enemethi@graphart.hu"
"GrassandWind Publishing";"Repubblica di Corea";"zzilehj@hanmail.net"
"GrassandWind Publishing";"Repubblica di Corea";"zzilehj@hanmail.net"
"Grasset &amp; Fasquelle";"Francia";"vvanguelov@grasset.fr"
"Green Android Limited";"Gran Bretagna";"toby@greenandroid.co.uk"
"Greengaia Co., Ltd.";"Repubblica di Corea";"michelle@greengaia.kr"
"Gremio de Editores de Euskadi";"Spagna";"info@editores-euskadi.net"
"Gribaudo-IF-Idee editoriali Feltrinelli srl";"Italia";"info@gribaudo.it"
"Grimm Press Ltd.";"Taiwan";"grimm_copyright@grimmpress.com.tw;diane_ho@grimmpress.com.tw"
"Grosset &amp; Dunlap / Price Stern Sloan";"Stati Uniti d'America";"penguinyr.subrights@us.penguingroup.com"
"Groundwood Books";"Canada";"rights@groundwoodbooks.com"
"Groupe Homme";"Canada";"jmongeau@groupehomme.com"
"Grup 62 - Estrella Polar";"Spagna";"info@grup62.com"
"Grupo Editoria Peisa s.a.c.";"Peru'";"gcoronado@peisa.com.pe"
"Grupo Editoria Peisa s.a.c.";"Peru'";"gcoronado@peisa.com.pe"
"Grupo SM";"Colombia";"frddy.goncalves@grupo-sm.com"
"Gryf Direct";"Polonia";"mariusz.rolka@gryfdirect.pl"
"Guangzhou Xin Yi Printing Co., Ltd";"Repubblica Popolare Cinese";"sales@gzxinyiprint.com"
"Guizhou Educational Publishing House";"Repubblica Popolare Cinese";"sweet8351@163.com"
"Gulf Stream Editeur";"Francia";"angela.lery@gulfstream.fr"
"Gyldendal";"Danimarca";"Louise_langhoff_koch@gyldendalagency.dk"
"Gyldendal Barn &amp; Ungdom";"Norvegia";"foreignrights@gyldendal.no"
"Haba - Habermaaß GmbH";"Germania";"info@haba.de"
"Hachette Antoine";"Libano";"info@hachette-antoine.com"
"Hachette Antoine";"Libano";"info@hachette-antoine.com"
"Hachette Astérix";"Francia";"mjablonski@hachette-livre.fr"
"Hachette Children's Group";"Gran Bretagna";"rights@hachettechildrens.co.uk"
"Hachette Jeunesse";"Francia";""
"Hachette Livre";"Francia";"hmante@hachette-livre.fr"
"Haldane Mason Ltd";"Gran Bretagna";"info@haldanemason.com"
"Hamelin Associazione Culturale";"Italia";"info@hamelin.net"
"Peter Hammer Verlag GmbH";"Germania";"info@peter-hammer-verlag.de"
"Carl Hanser Verlag GmbH &amp; Co. KG";"Germania";"info@hanser.de"
"Hansol Education Co., Ltd";"Repubblica di Corea";"miaeyu@eduhansol.co.kr"
"Hansol Education Co., Ltd";"Repubblica di Corea";"miaeyu@eduhansol.co.kr"
"Hardie Grant Egmont";"Australia";"corporateweb@egmont.com"
"HarperCollins Publishers";"Gran Bretagna";"whitney.hallberg@harpercollins.com"
"HarperCollins Children's Books";"Stati Uniti d'America";""
"Hasbro, Inc";"Francia";"marie-cecile.bourdillon@hasbro.co.uk"
"Hasbro, Inc";"Stati Uniti d'America";"marie-cecile.bourdillon@hasbro.co.uk"
"Hatier";"Francia";"arisaliti@editions-hatier.fr"
"David Hawcock- Infinite Jest";"Gran Bretagna";"david@hawcockbooks.demon.co.uk"
"HDKDM / Klub prvih pisaca";"Croazia";"info@hdkdm-klubprvihpisaca.hr"
"Helium";"Francia";"info@helium-editions.fr"
"Hemma Editions";"Belgio";"jenny.brouwers@hemma.be"
"Heryin Books, Inc.";"Taiwan";"editor@heryin.com"
"Adriana Hidalgo Editora";"Argentina";"info@adrianahidalgo.com"
"Highlights for Children International, Inc.";"Stati Uniti d'America";"international@highlights.com"
"Hills";"Repubblica di Corea";"viki914@hanmail.net;hillson@naver.com"
"Hills";"Repubblica di Corea";"viki914@hanmail.net;hillson@naver.com"
"Hinkler Books Pty Ltd.";"Australia";"Gary.Coppen@hinkler.com.au"
"Hinstorff Verlag GmbH";"Germania";"presse@hinstorff.de"
"Hocks Out Press";"Stati Uniti d'America";"info@hocksout.com"
"Hodder &amp; Stoughton";"Gran Bretagna";"enquiries@hodder.co.uk"
"Hodder Children's Books";"Gran Bretagna";""
"Holiday House, Inc.";"Stati Uniti d'America";"editorial@holidayhouse.com"
"Holinail Edition";"Francia";"coco.turrillot@holinail.com"
"Hollym Corp., Publishers";"Repubblica di Corea";"apple@hollym.co.kr"
"Hollym Corp., Publishers";"Repubblica di Corea";"apple@hollym.co.kr"
"Henry Holt Books for Young Readers";"Stati Uniti d'America";"childrensrights@macmillanusa.com"
"Hometown World Ltd.";"Gran Bretagna";"roger@manning-partnership.co.uk"
"Hong Kong Publishing Federation Limited";"Hong Kong";"info@publishers.com.hk"
"HongFei Cultures";"Francia";"rights@hongfei-cultures.com"
"Hot Key Books";"Gran Bretagna";"enquiries@hotkeybooks.com"
"Houghton Mifflin Harcourt Publishing Company";"Stati Uniti d'America";"candace.finn@hmhco.com"
"Houghton Mifflin Harcourt Publishing Company";"Stati Uniti d'America";"candace.finn@hmhco.com"
"Hsiao Lu Publishing Co. Ltd.";"Taiwan";"chenys@tienwei.com.tw"
"Hsin Yi Publications";"Taiwan";"arni@hsin-yi.org.tw"
"HSPL";"India";"henu@henustudio.com"
"Les Humanoïdes Associés";"Francia";"edmond.lee@humano.com"
"Hunan Juvenile &amp; Children's Publishing House";"Repubblica Popolare Cinese";"18656094@qq.com;125486875@qq.com"
"Hunan Yongzhou Benteng Color Printing Co., Ltd.";"Repubblica Popolare Cinese";"kama@hnbtcy.com"
"Hungarian Publishers' and Booksellers' Association";"Ungheria";"mkke@mkke.hu"
"Hungry Tomato Ltd.";"Gran Bretagna";"john@hungrytomato.com"
"Hyeonamsa Publishing Co., Ltd.";"Repubblica di Corea";"fish@hyeonamsa.com"
"Hyeonamsa Publishing Co., Ltd.";"Repubblica di Corea";"fish@hyeonamsa.com"
"i am a bookworm";"Gran Bretagna";"nick@iamabookworm.co.uk"
"I con i - Ilustratour";"Spagna";"hola@iconi.es"
"I - Read Ltd";"Gran Bretagna";"sales@I-read.co.uk"
"Ediciones Iamiqué";"Argentina";"info@iamique.com.ar"
"IBBY - International Board on Books for Young People";"Svizzera";"luzmaria.stauffenegger@ibby.org"
"IBBY Italia";"Italia";"ibbyitalia@gmail.com"
"IBBY Polish Section";"Polonia";"ibby@ibby.pl"
"Ibis Grafika d.o.o.";"Croazia";"info@ibis-grafika.hr"
"Igloo Books";"Gran Bretagna";"customerservice@igloobooks.com"
"Il gioco di leggere Edizioni";"Italia";"edizioni@ilgiocodileggere.it"
"Il Sole di Carta srl";"Italia";"info@ilsoledicarta.it"
"Il Sole di Carta srl";"Italia";"info@ilsoledicarta.it"
"Illustrators Association - APIC";"Spagna";"info@apic.es"
"Ilustradores argentinos independientes";"Argentina";"ilustradores.arg@gmail.com"
"Image Books Factory BV";"Olanda";"info@imagebooks.nl"
"Image Books Factory BV";"Gran Bretagna";"info@imagebooks.nl"
"Imagicom srl";"Italia";"info@imagicom.it"
"I.M.P.S. SA";"Belgio";"imps@smurf.com"
"The Ministry of Education and Culture, Republic of Indonesia";"Indonesia";"laura@kesaintblanc.co.id"
"Ingram Content Group";"Stati Uniti d'America";""
"Insight Editions";"Stati Uniti d'America";"e.bradfield@insighteditions.com"
"Institut d'Estudis Baleàrics";"Spagna";"mferre@iebalearics.org"
"Kanoon/Institute for the Intellectual Development of Children and Young Adults";"Iran";"book@kanoonintl.com"
"International Information Content Industry Association (ICIA)";"Hong Kong";"lisazhang@icia-international.org;catherineli@icia-international.org"
"International New York Times";"Stati Uniti d'America";"emmery@ontheavenuemarketing.com;stefan@ontheavenuemarketing.com"
"International Print-o-Pac Ltd.";"India";"amitmittal@ippindia.com"
"Internationale Jugendbibliothek";"Germania";"direktion@ijb.de"
"IO Illustratoren Organisation e V.";"Germania";"info@illustratoren-organisation.de"
"iPortfolio";"Repubblica di Corea";"contact@iportfolio.co.kr"
"iPortfolio";"Repubblica di Corea";"contact@iportfolio.co.kr"
"Iran Cultural Fairs Institute (ICFI)";"Iran";"m_shahramnia@yahoo.com"
"Children's books from Ireland";"Gran Bretagna";"barbara@amk.org"
"Iseek Ltd";"Gran Bretagna";"info@iseekcreative.com"
"Books From Israel";"Italia";"cultura@roma.mfa.gov.il"
"ITA - Italian Trade Agency";"Italia";"tempo.libero@ice.it"
"ITA - Italian Trade Agency";"Italia";"tempo.libero@ice.it"
"Ivy Press Ltd.";"Gran Bretagna";"surname@ivy-group.co.uk"
"Iyagikot Publishing";"Repubblica di Corea";"iyagikot@naver.com"
"Iyagikot Publishing";"Repubblica di Corea";"iyagikot@naver.com"
"Verlagshaus Jacoby &amp; Stuart Gmbh";"Germania";"verlag@jacobystuart.de"
"Jahangir Book Depot";"Pakistan";"fawazniaz"
"Jaimimage Publishing Co.";"Repubblica di Corea";"jaim@jaimimage.com"
"Jaimimage Publishing Co.";"Repubblica di Corea";"jaim@jaimimage.com"
"Japan Foreign-Rights Centre (JFC)";"Giappone";"yurika@jfc-tokyo.co.jp"
"Jasmin Editions";"Francia";"saad.bouri@wanadoo.fr"
"Jedi Paca";"Francia";"benjamin@apprentisreveurs.com"
"Jiangxi Shinhan Packaging Printing Co., Ltd.";"Repubblica Popolare Cinese";"simonyue@shinhan-packaging.com"
"Jieli Publishing House Co., Ltd.";"Repubblica Popolare Cinese";"emmadong0513@foxmail.com"
"Jilin Publishing Group Co., Ltd.";"Repubblica Popolare Cinese";"ajkitty@sina.com"
"Jiri Models  a.s.";"Repubblica Ceca";"export@jirimodels.com"
"JNJ Agency";"Stati Uniti d'America";"ajacob@jnjagency.com"
"La Joie de Lire";"Svizzera";"info@lajoiedelire.ch"
"Joshibi University of Art and Design";"Giappone";"fadh@venus.joshibi.jp"
"Joy Asia Corporation";"Taiwan";"steven@joyasia.com.tw"
"Jujuba Editora";"Brasile";"daniela@jujubaeditora.com.br"
"Jumava";"Lettonia";"juris.visockis@jumava.lv"
"Jumava";"Lettonia";"juris.visockis@jumava.lv"
"Jumbo Neue Medien &amp; Verlag GmbH";"Germania";"info@jumbo-medien.de"
"Jumping Books";"Repubblica di Corea";"jungshin@jumpingbooks.com"
"Jumping Jack Press";"Stati Uniti d'America";"georgew@upwithpaper.com"
"Verlag Jungbrunnen";"Austria";"office@jungbrunnen.co.at"
"Junior Gimm-Young Publishers, Inc.";"Repubblica di Corea";"syk@gimmyoung.com"
"Junior Gimm-Young Publishers, Inc.";"Repubblica di Corea";"syk@gimmyoung.com"
"Editorial Juventud, S.A.";"Spagna";"info@editorialjuventud.es"
"Kabusa Böcker";"Svezia";"k.aronsson@kabusabocker.se"
"Kaisei-Sha Publishing Co., Ltd.";"Giappone";"foreign@kaiseisha.co.jp"
"Kalandraka Italia";"Italia";"info@kalandraka.it"
"Kaléidoscope";"Francia";"laurie@editions-kaleidoscope.com"
"Kalimat";"Emirati Arabi Uniti";"info@kalimat.ae;abdus@kalimat.ae"
"Kalimat";"Emirati Arabi Uniti";"info@kalimat.ae;abdus@kalimat.ae"
"Kanjil";"Francia";"kanjilediteur@gmail.com"
"Kaplan International English";"Gran Bretagna";"nicol.wojcik@kaplan.com"
"Karchkhadze Publishing";"Georgia";"info@karchkhadze.ge"
"Kasmir Promet d.o.o.";"Croazia";"kasmir@kasmir-promet.com"
"Kathy Dawson Books";"Stati Uniti d'America";"penguinyr.subrights@us.penguingroup.com"
"KBBY (Ibby Korea)";"Repubblica di Corea";"info@kbby.org"
"Kenzan SA";"Svizzera";"bcbf@kenzantech.com"
"Ker Editions";"Belgio";"kerditions@kerditions.eu"
"Kerle in der Verlag Herder GmbH";"Germania";"bressan@herder.de"
"Kids Can Press Ltd.";"Canada";"rights@kidscan.com"
"Kiko Productions Ltd";"Kenia";"info@kiko-productions.com"
"Kite Edizioni srl";"Italia";"kite@kiteedizioni.it"
"Klett Kinderbuch";"Germania";"info@klett-kinderbuch.de"
"Klopotek Ag";"Germania";"info@klopotek.de/com"
"Kodansha Ltd.";"Giappone";"ko-yoshida@kodansha.co.jp;foreignrights@kodansha.co.jp"
"Koo-koo Books";"Italia";"info@kookoobooks.com"
"Koo-koo Books";"Italia";"info@kookoobooks.com"
"Korean Publishers Association";"Repubblica di Corea";"jiyeon.lee@kpa21.or.kr"
"Korean Publishers Association";"Repubblica di Corea";"jiyeon.lee@kpa21.or.kr"
"KPIPA (Publication Industry Promotion Agency of Korea)";"Repubblica di Corea";"paper0903@gmail.com"
"Kreativni Centar";"Serbia";"dejan.begovic@kreativnicentar.rs, rights@kreativnicentar.rs"
"KT&amp;G Sangsangmadang";"Repubblica di Corea";"msy10813@ssmadang.co.kr"
"KT&amp;G Sangsangmadang";"Repubblica di Corea";"msy10813@ssmadang.co.kr"
"Kunstanstifter Verlag";"Germania";"info@kunstanstifter.de"
"Kyowon Co. Ltd.";"Repubblica di Corea";"karenkim@kyowon.co.kr"
"Kyowon Co. Ltd.";"Repubblica di Corea";"karenkim@kyowon.co.kr"
"Éditions de La Bagnole";"Canada";"vml@groupevml.com"
"La Grande Illusion di Giuseppe Zapelloni";"Italia";"salam@lagrandeillusion.it"
"La Nuova Frontiera srl";"Italia";"info@lanuovafrontierajunior.it"
"La Silueta Ediciones Ltda.";"Colombia";"info@lasilueta.com"
"Ladne Halo";"Polonia";"wydawnictwo@ladne-halo.pl"
"Ladybird";"Gran Bretagna";""
"Lake Press";"Australia";"david@lakepress.com.au"
"Lannoo N.V. - Uitgeverij";"Belgio";"lannoo@lannoo.be"
"Lannoo N.V. - Uitgeverij";"Belgio";"lannoo@lannoo.be"
"Lapis snc di R. Punzi e C.";"Italia";"lapis@edizionilapis.it"
"Éditions Larousse";"Francia";"nmoreau@larousse.fr"
"Larousse/Vox";"Spagna";"e.franch@larousse.es"
"Larv &amp; Mib";"Repubblica di Corea";"joshprigge16@hotmail.com"
"Lastrego &amp; Testa Multimedia";"Italia";"info@lastregoetesta.com"
"Latvian Literature Centre";"Lettonia";"centre@literature.lv"
"Laurence King Publishing Ltp.";"Gran Bretagna";"enquiries@laurenceking.com"
"Lavieri Edizioni";"Italia";"info@lavieri.it"
"Lavieri Edizioni";"Italia";"info@lavieri.it"
"Le port a jauni";"Francia";"leportajauni@free.fr"
"Learning Time Pty Ltd.";"Australia";"info@learningtime.co"
"Legua Editorial";"Spagna";"foreignrights@leguaeditorial.com"
"Leiv Leipziger Kinderbuch Verlag";"Germania";"info@leiv-verlag.de"
"Lemniscaat B.V.";"Olanda";"foreignrights@lemniscaat.nl"
"Lemonade Illustration Agency";"Gran Bretagna";"info@lemonadeillustration.com"
"Leopold Publishing and Ploegsma Publishing";"Olanda";"rights@leopold.nl;rights@ploegsma.nl"
"Lerner Publishing Group - Carolrhoda Books";"Stati Uniti d'America";"mkjoller@lernerbooks.com"
"Les Editions de la Salamandre";"Francia";"info@salamandre.net"
"Liber c/o Idest srl";"Italia";"idest@idest.net"
"Libros del Zorro Rojo";"Spagna";"alberto.sotelo@librosdelzorrorojo.com"
"Libros para Imaginar, S.A. de C.V";"Messico";"info@librosparaimaginar.com"
"Editorial Libsa, S.A.";"Spagna";"libsa@libsa.es;ventas@libsa.es"
"Lilla Piratförlaget";"Svezia";"info@lillapiratforlaget.se"
"Limonero";"Argentina";"angeles@limonero.com.ar"
"Linking Publishing Company";"Taiwan";"linkingrights@udngroup.com"
"Linne Bie &amp; Co";"Belgio";"info@linnebie.com"
"Linne Bie &amp; Co";"Belgio";"info@linnebie.com"
"Lion Hudson plc";"Gran Bretagna";""
"Lirabelle";"Francia";"lirabelle-olivierayme@wanadoo.fr"
"Liscianigiochi srl";"Italia";"info@liscianigiochi.it"
"List Premier Education Pty Ltd.";"Australia";"johann@listpremier.com"
"List Premier Education Pty Ltd.";"Australia";"johann@listpremier.com"
"Litara Foundation";"Indonesia";"litara.foundation@gmail.com"
"Lithuanian Culture Institute";"Lituania";"books@koperator.lt"
"Editions Lito";"Francia";"mireille.gemehl@editionslito.com"
"Little Bee Books";"Stati Uniti d'America";"info@littlebeebooks.com"
"Little, Brown Books for Young Readers";"Stati Uniti d'America";"rights@lbchildrens.com"
"Little Pearl Books";"India";"sales@littlepearlbooks.com"
"Little Tiger Group";"Gran Bretagna";"rights@littletiger.co.uk"
"Liyan Books Co. Ltd";"Taiwan";"leo420@url.com.tw"
"LLC "Publishing House Kapelka"";"Russia";"marinad99@gmail.com;kapelka.olga@gmail.com"
"Lm Cards Srl - Eeboo";"Italia";"lmcards@tin.it"
"Lo Stampatello";"Italia";"lostampatello@gmail.com"
"Loewe Verlag GmbH";"Germania";"lizenzen@loewe-verlag.de"
"Logico - Divergente";"Belgio";"chronoplanet@gmail.com"
"Logos Edizioni";"Italia";"commerciale@logos.info"
"Lonely Planet Publications Ltd.";"Gran Bretagna";"go@lonelyplanet.co.uk"
"LTI Korea";"Repubblica di Corea";"marcos73@klti.or.kr;minkyung_ha@klti.or.kr"
"LTI Korea";"Repubblica di Corea";"marcos73@klti.or.kr;minkyung_ha@klti.or.kr"
"Lupita Books";"Stati Uniti d'America";"sbeascoa@lupitabooks.com"
"Lupita Books";"Spagna";"sbeascoa@lupitabooks.com"
"M.O. Contenidos";"Argentina";"marcela.osa@gmail.com"
"Macmillan Children's Books";"Gran Bretagna";"childrensrightsquery@macmillan.co.uk"
"Macmillan Children's Publishing Group";"Stati Uniti d'America";"childrensrights@macmillanusa.com"
"Magellan Gmbh &amp; Co. KG";"Germania";"info@magellanverlag.de"
"Magikon";"Norvegia";"svein@magikon.no"
"Magination Press/American Psychological Association";"Stati Uniti d'America";"kenderle@apa.org"
"Éditions Magnani";"Francia";"contact@editions-magnani.com"
"Editions Thierry Magnier";"Francia";"etm@editions-thierry-magnier.com"
"Make Believe Ideas";"Gran Bretagna";"enquiries@makebelieveideas.com"
"Mammeonline Comunicazione snc";"Italia";"editricemol@gmail.com"
"Mandara Publishing";"India";"info@mandarapublishing.com"
"Mandara Publishing";"India";"info@mandarapublishing.com"
"Mango Jeunesse";"Francia";"m.girona@fleuruseditions.com"
"Mapcards Net";"Repubblica Ceca";"partners@mapcards.net"
"Mar de Ideias navegação cultural";"Brasile";"contato@mardeideias.com.br"
"Marcel et Joachim";"Francia";"charlotte.duverne@marceletjoachim.fr"
"Marmaille et Compagnie";"Francia";"romain.naudin@marmaille-compagnie.com"
"Maschietto Editore";"Italia";"redazione@maschiettoeditore.com"
"Massolit Agency / B. Wahlströms Bokförlag";"Svezia";"rights@massolit.se"
"Matica hrvatska Ogranak Dubrovnik";"Croazia";"mhdubrovnik@optinet.hr"
"Mauricio De Sousa Editora";"Brasile";"rodrigo.paiva@turmadamonica.com.br"
"McRae Publishing Ltd";"Gran Bretagna";"amcrae@mcraepublishing.co.uk"
"Media Rodzina";"Polonia";"promocja@mediarodzina.pl"
"Media Vaca";"Spagna";"mediavaca@mediavaca.net"
"Mediatoon Licensing";"Francia";"contact.mfr@mediatoon.com"
"Mkids - Mehta Publishers";"India";"info@mehtapublishers.com, gautam@mehtapublishers.com"
"Melbourne Style Books";"Australia";"mca@melbournestyle.com.au"
"Editora Melhoramentos Ltda.";"Brasile";"blerner@melhoramentos.com.br"
"Melissa + Doug";"Stati Uniti d'America";"service@MelissaAndDoug.com"
"Editions MeMo";"Francia";""
"Mercis Publishing  bv";"Olanda";"caroliendeblieck@mercis.nl"
"Mercuryo Jovem";"Brasile";"ione@mercuryojovem.com.br"
"México - Cámara Nacional de la Industria Editorial Mexicana";"Messico";"feriasinternacionales@caniem.com"
"MIA-Milan Illustrations Agency";"Svizzera";"info@milan-illustrations.ch"
"Michael Neugebauer Minedition rights+licensing ag";"Svizzera";"mogi@minedition.com"
"Michael O'Mara Books Ltd.";"Gran Bretagna";"eva.arnold@mombooks.com"
"Middernacht Pers";"Olanda";"kinderboek@middernachtpers.nl"
"Editions Mijade";"Belgio";"michel@mijade.be"
"Mila Editions";"Francia";"info@mila-editions.fr"
"Milan Editions";"Francia";"geraldine.hummel@groupebayard.com"
"Miles Kelly Publishing";"Gran Bretagna";"info@mileskelly.net"
"Milly&amp;Flynn";"Gran Bretagna";"sales@millyandflynn.com"
"Mind to Mind";"Malesia";"admin@mindtomind.com.my;shen@mindtomind.com.my"
"Minibombo";"Italia";"info@minibombo.it"
"Ministere des Arts et de la Culture - Direction du Livre";"Camerun";"mballa.elanga@gmail.com"
"The Ministry of Culture of the Czech Republic";"Repubblica Ceca";"radim.kopac@mkcr.cz"
"Mirae N Co., Ltd.";"Repubblica di Corea";"rights@mirae-n.com"
"Mirae N Co., Ltd.";"Repubblica di Corea";"rights@mirae-n.com"
"Miš Založba";"Slovenia";"info@zalozbamis.com"
"Mixtvision Verlag";"Germania";"foreignrights@mixtvision.de"
"Mizan Publishing";"Indonesia";"rights@mizan.com"
"Mladà Fronta, a.s.";"Repubblica Ceca";"savlikova@mf.cz"
"Mladinska Knjiga Zalozba D.D., Publishing House";"Slovenia";"natalija.jesenovec@mkz.si;intsales@mkz.si"
"Moderna/Salamandra";"Brasile";"flavias@moderna.com.br"
"Moebius";"Argentina";"moebiusliceo@gmail.com"
"Arnoldo Mondadori Editore spa";"Italia";"info.ragazzi@mondadori.it"
"Morfem doo";"Slovenia";""
"Éditions de Mortagne";"Canada";"info@editionsdemortagne.com"
"Moses. Verlag GmbH";"Germania";"info@moses-verlag.de"
"Jerzy Mostowski Publishing";"Polonia";"awm@morex.com.pl"
"Motta Junior (an imprint of Giunti Editore spa)";"Italia";"redazioneragazzi@giunti.it"
"Mozaika-Sintez Educational Publishing House";"Russia";"magay@msbook.ru"
"MSA Agencia Editorial, S.A.";"Spagna";"info@msaagenciaeditorial.com"
"Muchomor";"Polonia";"askowronska@muchomor.pl"
"Munhakdongne Publishing Corp.";"Repubblica di Corea";"hjeom@munhak.com"
"Munhakdongne Publishing Corp.";"Repubblica di Corea";"hjeom@munhak.com"
"Musée de l'Illustration Jeunesse";"Francia";"mij@cg03.fr"
"Musée du Louvre éditions";"Francia";"editions@louvre.fr"
"The Museum of Modern Art";"Stati Uniti d'America";"moma_publications@moma.org"
"The Museum of Modern Art";"Stati Uniti d'America";"moma_publications@moma.org"
"Nahdet Misr Publishing House";"Egitto";"publishing@nahdetmisr.com"
"Nahdet Misr Publishing House";"Egitto";"publishing@nahdetmisr.com"
"Naklada Uliks";"Croazia";"naklada.uliks@gmail.com"
"Namas";"Polonia";"redakcja@namas.pl"
"Nami Island, Inc.";"Repubblica di Corea";"na146@naminara.com"
"Nancy Paulsen Books";"Stati Uniti d'America";"penguinyr.subrights@us.penguingroup.com"
"Nasza Ksiegarnia";"Polonia";"office@nk.com.pl"
"Nathan";"Francia";""
"National Book Trust, India";"India";"nbtexhibition@gmail.com"
"National Culture Center";"Polonia";"nck@nck.pl"
"National Geographic/National Geographic Children's Books";"Stati Uniti d'America";"jejones@ngs.org"
"Natur &amp; Kultur";"Svezia";"catharina.lantz@nok.se"
"Natural History Research Institute Co., Ltd.";"Repubblica di Corea";"choiej@nhriapp.com"
"Natural History Research Institute Co., Ltd.";"Repubblica di Corea";"choiej@nhriapp.com"
"Navneet Education Ltd.";"India";"george.punnoose@navneet.com"
"Net d.o.o.";"Croazia";"dino@net-zg.hr"
"New Buds Publishing House (Tianjin) Limited Company";"Repubblica Popolare Cinese";"joycelee8857@yahoo.com"
"New Frontier Publishing";"Australia";"info@newfrontier.com.au"
"Nickelodeon Global Publishing";"Stati Uniti d'America";""
"Nini Francesca Carbonini - Transformazione";"Italia";"info@francescanini.com"
"NordSüd Verlag AG";"Svizzera";"info@nord-sued.com"
"Norla - Norwegian Literature Abroad";"Norvegia";"firmapost@norla.no"
"Norma Ediciones S.A de C.V.";"Messico";"lorenza.estandia@carvajal.com"
"North Parade Publishing Ltd.";"Gran Bretagna";"lottie@nppbooks.co.uk"
"Nosy Crow Ltd";"Gran Bretagna";"hello@nosycrow.com"
"Editions Notari";"Svizzera";"luca@editionsnotari.ch"
"9 Grup Editorial";"Spagna";"cossetania@cossetania.com"
"NubeOcho";"Spagna";"info@nubeocho.com"
"NubeOcho";"Spagna";"info@nubeocho.com"
"Obelisk Verlag";"Austria";"info@obelisk-verlag.at"
"The O'Brien Press Ltd.";"Irlanda";"books@obrien.ie"
"Ocean Editions";"Francia";"claudine@ocean-editions.fr"
"Editorial Océano de México, S.A. de C.V.";"Messico";""
"Editorial Océano S.L.";"Spagna";"info-rights@oceano.com"
"Oetinger Taschenbuch Gmbh";"Germania";"r.reichstein@verlagsgruppe-oetinger.de"
"Verlag Friedrich Oetinger GmbH";"Germania";"oetinger@verlagsgruppe-oetinger.de"
"Okidokid";"Francia";"info@okidokid.fr"
"Olala Books";"Belgio";"emmanuel.devocht@olalabooks.be"
"Old Barn Books Ltd.";"Gran Bretagna";"info@oldbarnbooks.com"
"Om Books International";"India";"ajaymago@ombooks.com"
"Onada Edicions";"Spagna";"onada@onadaedicions.com"
"One Stroke Co. Ltd.";"Giappone";"komagata@one-stroke.co.jp"
"Ophaya Electronics Corporation";"Taiwan";"maxfeng@afaya.com.tw"
"Oppi-Mimaster Illustrazione";"Italia";"oppi@oppi.it"
"OQO Editora";"Spagna";"oqo@oqo.es"
"Orca Book Publishers";"Canada";"andrew@orcabook.com"
"Orchard Books";"Gran Bretagna";""
"Orecchio Acerbo Editore";"Italia";"redazione.orecchioacerbo@gmail.com"
"Orell Füssli Kinderbuch";"Svizzera";"sindhya.bergamin@ofv.ch"
"Orfeu Negro";"Portogallo";"info@orfeunegro.org"
"Orion Children's Books";"Gran Bretagna";"alexandra.nicholas@hachettechildrens.co.uk"
"Otava Publishing Company Ltd./Otava Group Agency (OGA)";"Finlandia";"firstname.lastname@otava.fi;oga@otava.fi"
"Owlkids Books";"Canada";"owlkids@owlkids.com"
"Oxford University Press";"Gran Bretagna";"Carmen.bohne@oup.com"
"OZGraf - Olsztynskie Zaklady Graficzne";"Polonia";"ozgraf@ozgraf.com.pl"
"Pacom";"Repubblica di Corea";"lonestar@gopacom.com"
"Pajama Press";"Canada";"mitchellcatherine@rogers.com"
"Paka Preschool Products Ltd.";"Hong Kong";"info@readnplay.com;crystal.hui@paka.com"
"Palazzo Editions Ltd";"Gran Bretagna";"claudia@palazzoeditions.com"
"Palitra L Publishing";"Georgia";"book@palitra.ge"
"Pallas Editora";"Brasile";"marianawarth@pallaseditora.com.br"
"Franco Cosimo Panini Editore";"Italia";"federica.previati@fcp.it"
"Pannon - Literatura Ltd.";"Ungheria";"kiado@szalaykonyvek.hu"
"Papercutz/NBM Graphic Novels";"Stati Uniti d'America";"nantier@papercutz.com"
"Parragon";"Gran Bretagna";""
"Parramón Paidotribo S.L.";"Spagna";"foreignrights.parramon@paidotribo.com"
"Pastel - L'Ecole des Loisirs";"Belgio";"pastel@ecoledesloisirs.be"
"La Pastèque";"Canada";"fred@lapasteque.com"
"Pato Lógico Edições";"Portogallo";"contacto@pato-logico.com"
"Pavilion Children's Books";"Gran Bretagna";"sales@pavilionbooks.com"
"Pcelica publishing House";"Serbia";"office@pcelica.rs"
"Peachtree Publishers";"Stati Uniti d'America";"gehy@peachtree-online.com"
"Pembroke Publishers";"Canada";"mary@pembrokepublishers.com"
"Penguin Books Ltd";"Gran Bretagna";""
"Penguin Random House";"Stati Uniti d'America";""
"Penguin Random House UK Children's";"Gran Bretagna";""
"Penguin Young Readers Group (USA), a division of Penguin Random House";"Stati Uniti d'America";"penguinyr.subrights@us.penguingroup.com"
"Pequeño Editor (Diego Bianchi)";"Argentina";"news@pequenoeditor.com"
"Perbadanan Kota Buku";"Malesia";"rights@kotabuku.my"
"Vydavatelstvo Perfekt, a.s.";"Slovacchia";"knihy@perfekt.sk"
"Petra Ediciones";"Messico";"petra@petraediciones.com"
"Petrkov";"Repubblica Ceca";"peternovotny@centrum.cz"
"Phidal Publishing Inc.";"Canada";"info@phidal.com"
"Philomel Books";"Stati Uniti d'America";"penguinyr.subrights@us.penguingroup.com"
"Phoenix International Publications";"Stati Uniti d'America";"kkahlo@pikidsmedia.com"
"Phoenix Juvenile and Children's Publishing Ltd";"Repubblica Popolare Cinese";"xhw_2005@aliyun.com;wuxh@ppm.cn"
"Piccadilly Press";"Gran Bretagna";"books@piccadillypress.co.uk"
"Editions Piccolia";"Francia";"info@editions-piccolia.fr"
"Picus Verlag Gmbh";"Austria";"info@picus.at"
"Pimchou";"Francia";"abriard@pimchou.fr"
"PK Agency";"Repubblica di Corea";"paulinekim@pkagency.com"
"PK Agency";"Repubblica di Corea";"paulinekim@pkagency.com"
"Editorial Planeta, S.A";"Spagna";"infoinfantilyjuvenil@planeta.es"
"Planeta Tangerina";"Portogallo";"geral@planetatangerina.com"
"Edizioni Play Press srl";"Italia";"mario.f@edizioniplaypress.com"
"Editions PlayBac";"Francia";"l.barber@playbac.fr"
"Plus Licens AB";"Svezia";"eva.fagerstedt@pluslicens.se"
"Atelier du Poisson Soluble";"Francia";"poissonsoluble@wanadoo.fr"
"The Polish Book Institute";"Polonia";"office@bookinstitute.pl"
"Editions Le Pommier";"Francia";"le.pommier@editions-lepommier.fr"
"Pon Pon Edizioni-La fabbrica delle Idee srl";"Italia";"amministrazione@fabbricadelleidee.com"
"Pons GmbH";"Germania";"u.keppler@pons.de"
"Poplar Publishing Co., Ltd.";"Giappone";"internationalrights@poplar.co.jp"
"Popular Science Press/China Science and Technology Press";"Repubblica Popolare Cinese";"joylace@163.com"
"Portugal - DGLAB - Direção Geral do Livro, dos Arquivos e das Bibliotecas";"Portogallo";"internacional@dglab.gov.pt"
"Editora Positivo";"Brasile";"julihanav@positivo.com.br"
"Pourquoi Korea";"Repubblica di Corea";"kooby6540@naver.com"
"Pourquoi Korea";"Repubblica di Corea";"kooby6540@naver.com"
"Mathew Price International, Inc.";"Stati Uniti d'America";"mathewp@mathewprice.com"
"Priddy Books";"Gran Bretagna";"liz.leask@priddybooks.com"
"Profil Knjiga";"Croazia";"profil-knjiga@profil.hr"
"Proost Industries NV";"Belgio";"peter.slaets@proost.be"
"PubCoder";"Italia";"info@pubcoder.com"
"PubCoder";"Italia";"info@pubcoder.com"
"Publ Studio Inc";"Repubblica di Corea";"amitass@naver.com"
"Publ Studio Inc";"Repubblica di Corea";"amitass@naver.com"
"Publicat";"Polonia";"publicat@publicat.pl"
"The Publishers Association";"Gran Bretagna";"mail@publishers.org.uk"
"V.U.V. Flemish Publishers Association";"Belgio";"vuv@boek.be;sarah.degraef@boek.be"
"V.U.V. Flemish Publishers Association";"Belgio";"vuv@boek.be;sarah.degraef@boek.be"
"Publishers Weekly Magazine";"Stati Uniti d'America";""
"Pubmatch.com";"Stati Uniti d'America";"rights@pubmatch.com"
"Puentes Agency";"Cile";"adrian@puentesagency.com"
"Puffin Books USA";"Stati Uniti d'America";"penguinyr.subrights@us.penguingroup.com"
"Puffin  UK";"Gran Bretagna";""
"G.P. Putnam's Sons";"Stati Uniti d'America";"penguinyr.subrights@us.penguingroup.com"
"QA International";"Canada";"info@qa-international.com"
"Quarry Press &amp; Fox Editions";"Canada";"bob@quarrypress.com"
"Quarto Children's Group";"Gran Bretagna";"info@quarto.com;michael.clarke@quarto.com"
"Québec Édition";"Canada";"info@anel.qc.ca"
"Em Querido's Uitgeverij B.V.";"Olanda";"rights@singel262.nl"
"Quipos srl";"Italia";"quipos@tin.it"
"Quixot Publications";"India";"sharad@quixotmultimedia.com"
"Rabén &amp; Sjögren";"Svezia";""
"Raffaello Libri srl";"Italia";"marco.m@grupporaffaello.it"
"Rageot Editeur";"Francia";"rageotediteur@editions-hatier.fr"
"Rainbow srl";"Italia";"info@rbw.it, licensingdept@rbw.it"
"Raintree";"Gran Bretagna";""
"Random House UK Children's";"Gran Bretagna";""
"Ravensburger Buchverlag Otto Maier GmbH";"Germania";"buchverlag@ravensburger.de"
"Razorbill";"Stati Uniti d'America";"penguinyr.subrights@us.penguingroup.com"
"Reality Premedia Services Pvt Ltd";"India";"mohit@realitypremedia.com"
"Reality Premedia Services Pvt Ltd";"India";"mohit@realitypremedia.com"
"Really Decent Books Ltd.";"Gran Bretagna";"info@reallydecentbooks.co.uk"
"REBO International B.V.";"Olanda";"international@rebo.cz"
"Red Bird Publishing";"Gran Bretagna";"ian@red-bird.co.uk"
"Nilpferd im Residenz Verlag";"Austria";"info@residenzverlag.at"
"Rettore AS";"Norvegia";"mail@rettore.no"
"Rey Naranjo Editores S.A.S.";"Colombia";"jonaranjo@gmail.com"
"Riggins International Rights Services, Inc.";"Stati Uniti d'America";"rights@rigginsrights.com"
"Right Rights Book Agency";"Canada";"brigittebeaudry@bellnet.ca"
"Rights People";"Gran Bretagna";"info@rightspeople.com"
"Ripley Entertainment Inc.";"Stati Uniti d'America";"publishing@ripleys.com"
"Rizzoli - RCS Libri Spa";"Italia";"paola.zelasco@rcs.it"
"Rizzoli - RCS Libri spa";"Italia";""
"Bur Rizzoli Ragazzi - RCS Libri Spa";"Italia";"paola.zelasco@rcs.it"
"Roaring Brook Press";"Stati Uniti d'America";"childrensrights@macmillanusa.com"
"Ministry of Culture";"Romania";"cabinet.ministru@cultura.ro"
"Rouergue S.A.";"Francia";"info@lerouergue.com"
"Editora Rovelle";"Brasile";"editorarovelle@rovelle.com.br"
"Rowohlt Verlag";"Germania";"info@rowohlt.de"
"Rubinstein Publishing";"Olanda";"info@rubinstein.nl"
"Rue de l'échiquier";"Francia";"thomasbout@ruedelechiquier.net"
"Rue De Sevres";"Francia";"idarthy@ecoledesloisirs.com"
"Rue du Monde";"Francia";"ruedumonde@wanadoo.fr"
"Running Press / Perseus";"Stati Uniti d'America";"jennifer.schaper@perseusbooks.com"
"Rusconi Libri spa";"Italia";"info@rusconilibri.it"
"Safari (Epublic)";"Repubblica di Corea";"yhsim@epublic.co.kr"
"Safari (Epublic)";"Repubblica di Corea";"yhsim@epublic.co.kr"
"Sakyejul Publishing L.t.d.";"Repubblica di Corea";"kanghjoo@sakyejul.co.kr"
"Sakyejul Publishing L.t.d.";"Repubblica di Corea";"kanghjoo@sakyejul.co.kr"
"Adriano Salani Editore srl";"Italia";"raffaella.salluzzi@salani.it"
"The Salariya Book Co. Ltd";"Gran Bretagna";"lizzie.kelly@salariya.com"
"Ediciones Saldaña, S.A.";"Spagna";"maite@edicionessaldana.com"
"Sallim Publishing Co.";"Repubblica di Corea";"selim@sallimbooks.com"
"Sallim Publishing Co.";"Repubblica di Corea";"selim@sallimbooks.com"
"Salon Du Livre Et De La Presse Jeunesse En Seine-saint-denis";"Francia";"contact@slpj.fr"
"Saltkråkan Ab / Salikon Förlag Ab";"Svezia";"info@saltkrakan.se"
"Edizioni San Paolo srl";"Italia";"sanpaoloedizioni@stpauls.it"
"Editions Sarbacane";"Francia";"phianh@lapetiteagence.fr"
"Sarigaga Books";"Turchia";"esra@sarigaga.com"
"Sarigaga Books";"Turchia";"esra@sarigaga.com"
"Sàrmede-Paese della Fiaba Fondazione Štepan Závrel";"Italia";"info@sarmedemostra.it"
"Sassi Editore srl";"Italia";"ester@sassieditore.it"
"Scandinavia Publishing House";"Danimarca";"bookfair@sph.as"
"Schibsted Forlag";"Norvegia";"barnogungdom@schibstedforlag.no"
"Scholastic Australia Pty Ltd";"Australia";"customer_service@scholastic.com.au"
"Scholastic Canada Ltd.";"Canada";"mmaclagan@scholastic.ca"
"Scholastic, Inc.";"Stati Uniti d'America";""
"Scholastic Ltd.";"Gran Bretagna";"rights@scholastic.co.uk"
"Scholastic New Zealand Ltd.";"Nuova Zelanda";""
"Schweizer Buchhändler-und Verleger-Verband SBVV";"Svizzera";"messen@sbvv.ch"
"Second Story Press";"Canada";"admin@secondstorypress.ca"
"Piacente Giuseppe Secop Edizioni";"Italia";"peppinopiacente@secopedizioni.it"
"Semafora d.o.o.";"Croazia";"naklada@semafora.hr"
"Sentries";"Turchia";"contact@sentries.com.tr"
"Sesame Workshop";"Stati Uniti d'America";"jacquelien.hou@sesame.org"
"Settenove edizioni";"Italia";"info@settenove.it"
"Seuil Jeunesse";"Francia";"chartmann@lamartiniere.fr"
"SEV Publishing Education and Trading Inc.";"Turchia";"info@redhouse.com.tr"
"Seven Stories Press";"Stati Uniti d'America";"info@sevenstories.com"
"Shabaviz Publishing Co.";"Iran";"shabaviz@shabaviz.com;shabaviz_publication@yahoo.com"
"Shanghai Century Publishing Co., Ltd. Juvenile &amp; Children's Publishing House";"Repubblica Popolare Cinese";"wangcatherine901@163.com"
"Shannxi Future Publishing House Co., Ltd.";"Repubblica Popolare Cinese";"86589158@qq.com"
"Sharjah International Book Fair";"Emirati Arabi Uniti";"faisal@sharjahbookfair.com"
"Shemetsneba LTD";"Georgia";"info@shemetsneba.ge"
"Shenzhen Huaxin Printing Co., Ltd";"Repubblica Popolare Cinese";"info@ehxprint.com"
"Shenzhen Jinhao Color Printing Co., Ltd";"Repubblica Popolare Cinese";"admin@lzjhy.com"
"Shoebox Media";"Canada";"info@shoeboxmedia.net"
"Shogakukan Inc.";"Giappone";"enquiry@mail.shogakukan.co.jp"
"Shueisha Inc.";"Giappone";"udagawa@shueisha.co.jp"
"SigongJunior";"Repubblica di Corea";"amelie@sigongsa.com"
"SigongJunior";"Repubblica di Corea";"amelie@sigongsa.com"
"Simon &amp; Schuster Children's Publishing";"Stati Uniti d'America";"sschildrensubrights@simonandschuster.com"
"Simply Read Books";"Canada";"info@simplyreadbooks.com"
"Sinnos Soc. Coop. Sociale - Onlus";"Italia";"info@sinnos.org"
"Slovakia - Literárne Informacné Centrum";"Slovacchia";"ludia@litcentrum.sk"
"Slovart Publishing, Ltd.";"Slovacchia";"hudakova@slovart.sk"
"Slovart Publishing, Ltd.";"Slovacchia";"hudakova@slovart.sk"
"Slovenian Book Agency";"Slovenia";"gp.jakrs@jakrs.si"
"Grupo SM";"Spagna";"comunicacion@grupo-sm.com;internacional@grupo-sm.com"
"Smarthan";"Repubblica di Corea";"eunjin@smart-han.kr"
"Smarthan";"Repubblica di Corea";"eunjin@smart-han.kr"
"Editions Soleil";"Francia";"saupert@groupedelcourt.com"
"Somebooks";"Repubblica di Corea";"chosunkyung@gmail.com"
"Somebooks";"Repubblica di Corea";"chosunkyung@gmail.com"
"Somnins";"Spagna";"info@somnins.cat"
"Soulières Éditeur";"Canada";"soulieres.editeur@videotron.ca"
"Sourcebooks, Inc.";"Stati Uniti d'America";"sara.hartman@sourcebooks.com"
"Federación de Gremios de Editores de España";"Spagna";"comext@fge.es"
"Spaudos Praktika";"Lituania";"spauda@repro.lt"
"Steinkis Group";"Francia";""
"Stenhouse Publishers";"Stati Uniti d'America";"customerservice@stenhouse.com"
",,step Puzzle";"Russia";"steppuzzle@gmail.com"
"Sterling Publishers Pvt. Ltd";"India";"mail@sterlingpublishers.com"
"Sterling Publishing Co., Inc.";"Stati Uniti d'America";"mkretzer@sterlingpublishing.com"
"StoryToys";"Irlanda";"info@storytoys.com"
"StoryToys";"Irlanda";"info@storytoys.com"
"Strip Art Features";"Slovenia";"info@safcomics.com"
"Studio Fun International Ltd";"Gran Bretagna";"Louisa_Holbrook@readersdigest.co.uk"
"Susaeta Ediciones, s.a.";"Spagna";"general@susaeta.com"
"Suzuki Publishing Co., Ltd.";"Giappone";"edit-info@suzuki-syuppan.co.jp"
"Sweet Cherry Publishing";"Gran Bretagna";"info@sweetcherrypublishing.com"
"Syros Jeunesse";"Francia";"smini@syros.fr"
""Tahsil Publishing-Polygraphy"";"Azerbaigian";"tahsil_az@yahoo.com"
""Tahsil Publishing-Polygraphy"";"Azerbaigian";"tahsil_az@yahoo.com"
"Taipei Book Fair Foundation";"Taiwan";"michelle@taipeibookfair.org"
"Takatuka";"Spagna";"patric@takatuka.cat"
"Editions Talents Hauts";"Francia";"laurence.faron@talentshauts.fr"
"Tamer Institute for Community Education";"Palestina";"tamer@palnet.com"
"Tammi Publishers-Represented by Elina Ahlbäck Literary Agency";"Finlandia";"firstname.surname@tammi.fi"
"Tangerine Designs Ltd.";"Gran Bretagna";"sales@tangerinedesigns.co.uk"
"Tara Books Pvt Ltd";"India";"mail@tarabooks.com"
"Tate Enterprises Ltd";"Gran Bretagna";"tgpl@tate.org.uk"
"Tbc Global Pty Ltd. T/as The Book Company";"Australia";"accounts1@thebookcompany.com.au"
"Ediciones Tecolote";"Messico";"Facebook.com/edicionestecolote"
"Templar Publishing";"Gran Bretagna";"info@templarco.co.uk"
"Terre di Mezzo Editore";"Italia";"segreteria@terre.it"
"Tessloff Verlag";"Germania";"info@tessloff.com"
"Thames &amp; Hudson Ltd";"Gran Bretagna";"t.zaino@thameshudson.co.uk"
"The Clever Factory, Inc.";"Stati Uniti d'America";"sean.buckley@cleverfactory.com"
"The Hong Kong Printers Association";"Hong Kong";"printers@hkprinters.org"
"The Novelty Book Company";"Canada";"info@thenoveltybook.com"
"The Team at Devrian Innovations, LLC";"Stati Uniti d'America";"clyons@hgusa.com"
"The Text Publishing Co. Pty Ltd.";"Australia";"books@textpublishing.com.au"
"Thienemann - Esslinger Verlag";"Germania";"info@thienemann-esslinger.de"
"Thule Ediciones";"Spagna";"info@thuleediciones.com"
"TigerBooks Media GmbH";"Germania";"s.boerngen@verlagsgruppe-oetinger.de"
"TigerBooks Media GmbH";"Germania";"s.boerngen@verlagsgruppe-oetinger.de"
"Timpetill srl";"Italia";"edizioni@timpetill.com"
"Tinybop Inc.";"Stati Uniti d'America";"raul@tinybop.com"
"Tinybop Inc.";"Stati Uniti d'America";"raul@tinybop.com"
"Todolivro Ltda.";"Brasile";"stephan@todolivro.com.br"
"Tomorrow Publishing House";"Repubblica Popolare Cinese";"tomorrowpublishing@163.com"
"Top That Publishing Ltd";"Gran Bretagna";"emma@topthatpublishing.com;david@topthatpublishing.com"
"Topipittori";"Italia";"info@topipittori.it"
"Tourbillon";"Francia";"geraldine.hummel@groupebayard.com"
"Tragaluz Editores S.A.S";"Colombia";"info@tragaluzeditores.com"
"Tramuntana Editorial";"Spagna";"info@tramuntanaeditorial.com"
"Tre Publishing House";"Vietnam";"trepublishinghouse@nxbtre.com.vn"
"Tre Publishing House";"Vietnam";"trepublishinghouse@nxbtre.com.vn"
"Les Trois Ourses";"Francia";"troisourses@wanadoo.fr"
"Tulipan Verlag GmbH";"Germania";"klussmann@tulipan-verlag.de"
"Ministry of Culture and Tourism Republic of Turkey";"Turchia";"kygmdisfu@kulturturizm.gov.tr"
"Tyrolia Verlag";"Austria";"buchverlag@tyrolia.at"
"UAE Board on Books for Young People";"Emirati Arabi Uniti";"info@uaebby.org.ae"
"Ueberreuter Verlag Gmbh";"Germania";"office@ueberreuter.de"
"Uitgeverij De Fontein";"Olanda";"jvandeleur@uitgeverijdefontein.nl"
"UNICEF";"Italia";""
"Unieboek / Het Spectrum Bv";"Olanda";"info@unieboekspectrum.nl"
"Unione Editori e Librai Cattolici Italiani - UELCI";"Italia";"uelciroma@tiscali.it"
"Unique Inspiration";"Gran Bretagna";"asif@uniqueinspiration.co.uk"
"Uovonero Edizioni di Enza Crivelli &amp; C. snc";"Italia";"libri@uovonero.com"
"urbn pockets";"Germania";"info@urbn-pockets.com"
"urbn pockets";"Germania";"info@urbn-pockets.com"
"Uruguay Publishers";"Uruguay";"clustereditorial@mec.gub.uy"
"Usborne Publishing Limited";"Gran Bretagna";"mail@usborne.co.uk;TeresaN@usborne.co.uk"
"V&amp;A Publishing  Victoria and Albert Museum";"Gran Bretagna";"vapubs.info@vam.ac.uk"
"V.B.Z. d.o.o.";"Croazia";"alen.bodor@vbz.hr"
"Editora Vale das Letras";"Brasile";"fredy@valedasletras.com.br"
"Valentina Edizioni";"Italia";"info@brioschieditore.it"
"Edizioni Vànvere";"Italia";"vanvere.edizioni@gmail.com"
"Verlag Freies Geistesleben &amp; Urachhaus";"Germania";"lin@geistesleben.com"
"Victoria Productions NYC (Book + App)";"Stati Uniti d'America";"victoria@vproductions.net"
"Vielflieger Verlag";"Germania";"felix.busse@vielflieger-verlag.com"
"De Vier Windstreken";"Olanda";"bob.markus@vierwindstreken.com"
"Viking Children's Books USA";"Stati Uniti d'America";"penguinyr.subrights@us.penguingroup.com"
"Voazoa Inc.";"Repubblica di Corea";"contact@voazoa.com"
"Voazoa Inc.";"Repubblica di Corea";"contact@voazoa.com"
"Vydavnytstvo Starogo Leva (The Old Lion Publishing House)";"Ucraina";"lev@starlev.com.ua"
"Walker Books Limited including: Candlewick Press; Walker Books Australia (including the imprint Black Dog Books)";"Gran Bretagna";""
"Wallonie Bruxelles International";"Belgio";"e.lambert@wbi.be;yh.rovillard@wbi.be"
"Warner Bros Global Publishing";"Stati Uniti d'America";"elaine.piechowski@warnerbros.com"
"Franklin Watts";"Gran Bretagna";""
"Wayland Publishers Ltd.";"Gran Bretagna";""
"Weldon Owen";"Gran Bretagna";"info@weldonowenpublishing.com"
"Werkhaus Design und Produktion";"Germania";"info@werkhaus.de"
"Whitewing";"Repubblica di Corea";"hermesrick@naver.com"
"Whitewing";"Repubblica di Corea";"hermesrick@naver.com"
"Widnokrag";"Polonia";"kontakt@wydawnictwo-widnokrag.pl"
"Creative Standard (Wimmelbuchverlag)";"Germania";"post@wimmelbuchverlag.de"
"Windmill Books &amp; Brown Bear Books";"Gran Bretagna";"scheung@windmillbooks.co.uk"
"WKÖ FV d. Buch -und Medienwirtschaft";"Austria";"buchwirtschaft@wko.at"
"Working Partners Ltd";"Gran Bretagna";"enquiries@workingpartnersltd.co.uk;AlexWebb@rightspeople.com"
"Workman Publishing Co.";"Stati Uniti d'America";"international.inquiries@workman.com"
"Worldreader";"Stati Uniti d'America";"publishing@worldreader.org"
"Worldreader";"Stati Uniti d'America";"publishing@worldreader.org"
"WPG Publishers Belgium";"Belgio";"info@wpg.be"
"WPG Publishers Belgium";"Belgio";"info@wpg.be"
"Wps Worldwide Printing Solutions Ltd.";"Repubblica Popolare Cinese";"dima@wpsprint.com"
"Wytwórnia";"Polonia";"magdalenaklos@wytwornia.com"
"Xact Studio International";"India";"rahul.xact@gmail.com;mohinder.sahni@xactbook.com"
"Xi'an Rongxin Culture Industrial Development Co. Ltd. c/o Toppan Vite";"Repubblica Popolare Cinese";"rongxin_qianqixin@126.com"
"Xinjiang Juvenile Publishing House";"Repubblica Popolare Cinese";"guopingxu@vip.163.com"
"Xunta de Galicia";"Spagna";"sxc-subdireccion-bibliotecas.cceou@xunta.es"
"Y &amp; W Industrial Ltd.";"Hong Kong";"info@ynw.com.hk"
"Y Factory Inc.";"Repubblica di Corea";"yfactory@yfactorysoft.com"
"Y Factory Inc.";"Repubblica di Corea";"yfactory@yfactorysoft.com"
"YeaRimDang Publishing Co., Ltd.";"Repubblica di Corea";"jangmk@yearim-i.kr"
"YeaRimDang Publishing Co., Ltd.";"Repubblica di Corea";"jangmk@yearim-i.kr"
"Yes Creative Ltd";"Taiwan";"yesba8@gmail.com"
"Yomad Editions";"Marocco";"yomadeditions@gmail.com"
"Yomad Editions";"Marocco";"yomadeditions@gmail.com"
"Young Angels";"India";"youngangels04@gmail.com"
"Yoyo Books/Big Box Entertainment";"Stati Uniti d'America";"publishing@yoyo-books.com"
"Zangak Publishing House";"Armenia";"info@zangak.am"
"Zangak Publishing House";"Armenia";"info@zangak.am"
"Zero a Oito";"Portogallo";"rita.moura@zeroaoito.pt"
"Zest Books";"Stati Uniti d'America";"hallie@zestbooks.net"
"Zhejiang Jiayi Color Printing Co., Ltd.";"Repubblica Popolare Cinese";"jiayi@jiayiprinting.com"
"Zhejiang Juvenile and Children's Publishing House Co, Ltd";"Repubblica Popolare Cinese";"1135605515@qq.com"
"Zhejiang Sinolight Mediatek Co.,ltd.";"Repubblica Popolare Cinese";"sales@sino-light.com"
"Wydawnictwo Zielona Sowa";"Polonia";"marta.broniarek@zielonasowa.pl"
"ZNU n.v.";"Belgio";"export@znu.be"
"ZOOlibri di Rabitti Corrado";"Italia";"press@zoolibri.com"
"Zoom Editions";"Lussemburgo";"info@zoomeditions.com"
