"name","country","mail"
"EDITORIAL ALBATROS","Argentina","acanevaro@albatros.com.ar"
"ARGENTINA-EXPORT PROMOTION AGENCY-FUNDACIÓN EXPORTAR","Argentina","aperetti@exportar.org.ar"
"ARTE A BABOR","Argentina",""
"BARCELBAIRES EDICIONES S.A.","Argentina","catalina.r@barcelbaires.com.ar"
"CALIBROSCOPIO EDICIONES","Argentina","editorial@calibroscopio.com.ar"
"EDICIONES DE LA FLOR SRL","Argentina","delaflor@edicionesdelaflor.com.ar"
"EDITORIAL GUADAL S.A.","Argentina","info@editorialguadal.com.ar"
"EPSA MUSIC / HADAS CANTANTES","Argentina","hadascantantes@gmail.com"
"EUDEBA SEM","Argentina","adriana.glossmam@eudeba.com.ar"
"ADRIANA HIDALGO EDITORA","Argentina","info@adrianahidalgo.com"
"EDICIONES IAMIQUÉ","Argentina","info@iamique.com.ar"
"ILUSTRADORES ARGENTINOS INDEPENDIENTES","Argentina","ilustradores.arg@gmail.com"
"LETRA IMPRESA GRUPO EDITOR","Argentina","medina@letraimpresa.com.ar"
"LIMONERO","Argentina","info@limonero.com.ar"
"PEQUEÑO EDITOR","Argentina","contacto@pequenoeditor.com"
"1ST ARMENIAN LITERARY AGENCY","Armenia","arevik@1litagency.am"
"ANTARES LTD","Armenia","antares@antares.am"
"ALLEN &amp; UNWIN PTY LTD.","Australia","info@allenandunwin.com"
"AUSTRALIAN LICENSING CORPORATION (A.L.C.)","Australia","alc@alc-online.com"
"BEACHSAND PUBLISHING PTY LTD.","Australia","info@beachsandpublishing.com.au"
"BLAKE PUBLISHING","Australia","nadeem@blake.com.au"
"BROLLY BOOKS","Australia","andrew@brollybooks.com"
"THE CHOICEMAKER PTY LTD.","Australia","export@thechoicemaker.com;sophia.han@thechoicemaker.com"
"THE FIVE MILE PRESS PTY LTD.","Australia","kimq@fivemile.com.au"
"HARDIE GRANT EGMONT","Australia","joannaanderson@hardiegrant.com.au"
"HINKLER BOOKS PTY LTD.","Australia","nadika.garber@hinkler.com.au"
"LAKE PRESS","Australia","david@lakepress.com.au"
"LOU SILLUZIO DOMJAF MEDIA PTY LTD","Australia","lou.s.silluzio@gmail.com;lsilluzio@barryplant.com.au"
"NEW FRONTIER PUBLISHING","Australia","peter@newfrontier.com.au"
"PENGUIN RANDOM HOUSE AUSTRALIA","Australia","EShorneHolden@penguinrandomhouse.com.au"
"SCHOLASTIC AUSTRALIA PTY LTD.","Australia","customer_service@scholastic.com.au"
"AUSTRIAN FEDERAL ECONOMIC CHAMBER","Austria","marion.tschernutter@wko.at"
"VERLAGSBUCHHANDLUNG JULIUS BREITSCHOPF GMBH","Austria","breitschopf.verlag@utanet.at"
"JGIM VERLAG","Austria","kontakt@juliegehtinsmuseum.at"
"VERLAG JUNGBRUNNEN","Austria","office@jungbrunnen.co.at"
"OBELISK VERLAG","Austria","info@obelisk-verlag.at"
"PICUS VERLAG GMBH","Austria","info@picus.at"
"VERLAGSANSTALT TYROLIA GESELLSCHAFT M.B.H.","Austria","katrin.feiner@tyrolia.at"
"WKÖ FV D. BUCH -UND MEDIENWIRTSCHAFT","Austria","buchwirtschaft@wko.at"
"A PAS DE LOUPS","Belgium","contact@apasdeloups.com"
"ABIMO PUBLISHERS","Belgium","info@abimo.net"
"ALICE JEUNESSE","Belgium","info@alice-editions.be"
"AVERBODE PUBLISHERS","Belgium","info@verbode.be"
"BAECKENS BOOKS","Belgium","klaas@baeckensbooks.be"
"BALLON MEDIA NV","Belgium","s.mertens@ballonmedia.com"
"EDITIONS CARAMEL","Belgium","jmdoultremont@caramel.be"
"CARTAMUNDI DIGITAL","Belgium","info@cartamundi-digital.com"
"EDITIONS CASTERMAN S.A.","Belgium","jbaron@casterman.com"
"CHANTECLER","Belgium","export@znu.be"
"CLAVIS PUBLISHING","Belgium","info@clavisbooks.com"
"CUBERDON BOOKS","Belgium","geert.serre@cuberdonbooks.com"
"DAVIDSFONDS/INFODOK","Belgium","uitgeverij@davidsfonds.be"
"DE EENHOORN","Belgium","rights@eenhoorn.be"
"C. DE VRIES-BROUWERS","Belgium","dvdkantoor@skynet.be"
"DELTAS-ZNU N.V.","Belgium","export@znu.be"
"FLEMISH LITERATURE FUND","Belgium","info@vfl.be"
"FONDATION MAURICE CAREME","Belgium","fondation@mauricecareme.be"
"GOÉLETTE INTERNATIONAL","Belgium","bookfair@goelette.ca"
"HEMMA EDITIONS","Belgium","jenny.brouwers@hemma.be"
"I.M.P.S. SA","Belgium","imps@smurf.com"
"INTERNATIONAL YEHUDI MENUHIN FOUNDATION","Belgium","sophie.lupcin@menuhin-foundation.com"
"KATE' ART SPRL","Belgium","info@kateart.com"
"KER EDITIONS","Belgium","kerditions@kerditions.eu"
"LANNOO N.V. - UITGEVERIJ","Belgium","lannoo@lannoo.be"
"LINNE BIE &amp; CO","Belgium","info@linnebie.com"
"EDITIONS MIJADE","Belgium","michel@mijade.be"
"OLALA BOOKS BVBA","Belgium","emmanuel.devocht@olalabooks.be"
"PASTEL - L'ECOLE DES LOISIRS","Belgium","pastel@ecoledesloisirs.be"
"V.U.V. FLEMISH PUBLISHERS ASSOCIATION","Belgium","vuv@boek.be;sarah.degraef@boek.be"
"VERSANT SUD JEUNESSE","Belgium","elisabeth.jongen@versant-sud.com"
"WALLONIE BRUXELLES INTERNATIONAL","Belgium","e.lambert@wbi.be;j.claisse@wbi.be"
"ZNU N.V.","Belgium","export@znu.be"
"BOM JESUS PUBLISHER","Brazil","editorabomjesus@bomjesus.br"
"CALLIS EDITORA","Brazil","editorial@callis.com.br"
"CÂMARA BRASILEIRA DO LIVRO","Brazil","luizalvaro@cbl.org.br"
"CIRANDA CULTURAL","Brazil","ingrid.calderao@cirandacultural.com.br"
"CORTEZ EDITORA","Brazil","erivan@cortezeditora.com.br"
"EDIÇÕES DE JANEIRO","Brazil","contato@edicoesdejaneiro.com.br"
"EDIÇÕES SM","Brazil","adilsonmiguel@grupo-sm.com"
"EDITORA BERLENDIS &amp; VERTECCHIA","Brazil","editora@berlendis.com"
"EDITORA DO BRASIL","Brazil","gilsandro@editoradobrasil.com.br"
"EDITORA IMEPH","Brazil","evaldosoares@imeph.com.br"
"FTD EDUCAÇÃO","Brazil","foreignright@ftd.com.br"
"FUNDAÇÃO NACIONAL DO LIVRO INFANTIL E JUVENIL","Brazil","fnlij@fnlij.org.br;"
"GIRASSOL BRASIL","Brazil","paula@girassolbrasil.com.br"
"GLOBAL EDITORA","Brazil","global@globaleditora.com.br"
"GRUPO COMPANHIA DAS LETRAS","Brazil","fernanda.dias@companhiadasletras.com.br"
"EDITORA MELHORAMENTOS LTDA.","Brazil","blerner@melhoramentos.com.br"
"MODERNA/SALAMANDRA","Brazil","flsantos@moderna.com.br"
"PALLAS EDITORA","Brazil","marianawarth@pallaseditora.com.br"
"TODOLIVRO DIST. LTDA.","Brazil","stephan@todolivro.com.br"
"WHITE BALLOON BOOKS","Brazil","petula@whiteballoon.com.br"
"BULGARIA","Bulgaria","office@abk.bg"
"COLIBRI PUBLISHERS","Bulgaria","kdimitrova@colibri.bg"
"EGMONT PUBLISHING BULGARIA","Bulgaria","corporateweb@egmont.com"
"JANET 45 PUBLISHING","Bulgaria","books@janet45.com"
"KIBEA PUBLISHING","Bulgaria","office@kibea.net"
"RIVA PUBLISHERS","Bulgaria","ayontchev@rivapublishers.com"
"DINIMBER ET LARIMBER","Cameroon","nadjiberdaniel@yahoo.fr"
"EDITIONS LES 400 COUPS","Canada","s.dejocas@editions400coups.com"
"ANNICK PRESS LTD.","Canada","gaynat@annickpress.com"
"BAYARD CANADA","Canada","nicholas.aumais@bayardcanada.com"
"BEAVER BOOKS PUBLISHING","Canada","info@beaverbooks.ca"
"BOOMERANG ÉDITEUR JEUNESSE","Canada","info@boomerangjeunesse.com"
"LIVRES CANADA BOOKS","Canada","info@livrescanadabooks.com"
"CARAMEL TREE","Canada","angieroh@carameltree.com"
"CHOUETTE PUBLISHING","Canada","foreignrights@editions-chouette.com"
"GROUPE D'ÉDITION LA COURTE ÉCHELLE","Canada","merieve@courteechelle.com"
"CRABTREE PUBLISHING COMPANY LIMITED","Canada","petrice_c@crabtreebooks.com"
"DOMINIQUE ET COMPAGNIE","Canada","barbara.creary@dominiqueetcompagnie.com"
"DUNDURN","Canada","info@dundurn.com"
"ECW PRESS","Canada","info@ecwpress.com"
"ÉDITIONS MICHEL QUINTIN","Canada","foreignrights@editionsmichelquintin.ca"
"FABLUS","Canada","info@fablus.ca"
"FITZHENRY &amp; WHITESIDE LTD.","Canada","jacqueline@fitzhenry.ca"
"FLOWERPOT PRESS","Canada","info@flowerpotpress.com"
"GROUNDWOOD BOOKS","Canada","rights@groundwoodbooks.com"
"GROUPE HOMME","Canada","cbedard@groupehomme.com"
"GROUPE MODUS","Canada","bcreary@groupemodus.com"
"ÉDITIONS DE L'ISATIS","Canada","editions_delisatis@hotmail.com"
"KIDS CAN PRESS LTD.","Canada","rights@kidscan.com"
"ÉDITIONS DE LA BAGNOLE","Canada","vml@groupevml.com"
"LORIMER","Canada","rights@lorimer.ca"
"ÉDITIONS DE MORTAGNE","Canada","info@editionsdemortagne.com"
"ORCA BOOK PUBLISHERS","Canada","andrew@orcabook.com"
"OWLKIDS BOOKS","Canada","owlkids@owlkids.com"
"PAJAMA PRESS","Canada","rights@pajamapress.ca"
"ÉDITIONS DE LA PASTÈQUE","Canada","fred@lapasteque.com"
"PEMBROKE PUBLISHERS","Canada","mary@pembrokepublishers.com"
"PHIDAL PUBLISHING INC.","Canada","sfeldman@phidal.com;info@phidal.com;"
"QA INTERNATIONAL","Canada","info@qa-international.com"
"QUÉBEC ÉDITION","Canada","info@anel.qc.ca"
"RIGHT RIGHTS BOOK AGENCY","Canada","brigittebeaudry@bellnet.ca;lydiamasson@bellnet.ca"
"SCHOLASTIC CANADA LTD.","Canada","mmaclagan@scholastic.ca"
"SECOND STORY PRESS","Canada","admin@secondstorypress.ca"
"SHOEBOX MEDIA","Canada","info@shoeboxmedia.net"
"THE NOVELTY BOOK COMPANY","Canada","info@thenoveltybook.com"
"ALBATROS MEDIA A.S","Czech Republic",""
"BAOBAB","Czech Republic","baobab-books@gmail.com"
"EGMONT PUBLISHING CZECH REPUBLIC","Czech Republic","corporateweb@egmont.com"
"JIRI MODELS  A.S.","Czech Republic","export@jirimodels.com"
"THE MINISTRY OF CULTURE OF THE CZECH REPUBLIC","Czech Republic","radim.kopac@mkcr.cz"
"EDITORIAL AMANUTA","Chile","contacto@amanuta.cl"
"21ST CENTURY PUBLISHING GROUP CO.  LTD.","China","rights@21cccc.com"
"ANHUI CHILDREN'S PUBLISHING HOUSE","China","ahserui@foxmail.com"
"BEIJING ALLIED FORTUNE PRINTING LTD.","China","daniel@af-print.com"
"BEIJING DANDELION CHILDREN'S BOOK HOUSE CO.  LTD.","China","sweet351@163.com"
"BEIJING LESHANG HUAXING INTERNATIONAL CULTURE DEVELOPMENT ...","China","xiemu89@gmail.com"
"BEIJING POPLAR CULTURE PROJECT CO.  LTD","China","ikuko@poplar.com.cn"
"BEIJING PUBLISHING GROUP LTD.","China","1023149320@qq.com"
"CHANGJIANG CHILDREN' PRESS (GROUP)  LTD.","China","yepeng0317@163.com"
"CHILDREN'S FUN PULISHING CO.  LTD.","China","corporateweb@egmont.com"
"CHINA CHILDREN'S PRESS &amp; PUBLICATION GROUP","China","menglingyuan@ccppg.com.cn"
"CHINA INTERCONTINENTAL PRESS","China","pengting@cicc.org.cn"
"CONFUCIUS INSTITUTE HEADQUARTERS","China","sunaipeng@hanban.org"
"DAYLIGHT PUBLISHING HOUSE","China","yddaylight@lab.com"
"DOLPHIN BOOKS","China","dolphin_books@163.com"
"EAST CHINA NORMAL UNIVERSITY PRESS CO.  LTD.","China","xiahaihan@ecnupress.com.cn;yuanke@ecnupress.com.cn;chongdaoyang@ecnupress.com.cn"
"EASTCOLOR PAPER PRODUCTS CO.  LTD.","China","sales@eppcl.com"
"ENCYCLOPEDIA OF CHINA PUBLISHING HOUSE COMPANY LIMITED","China","987379203@qq.com"
"GUANGZHOU CHILDHOOD FINE ARTS &amp; DESIGN CO.  LTD.","China","mia@yidubao.com"
"GUANGZHOU XIN YI PRINTING CO.  LTD.","China","sales@gzxinyiprint.com"
"HANGZHOU LIHE DIGITAL TECHNOLOGY CO.  LTD.","China","lihe@lihehz.com"
"HUNAN JUVENILE &amp; CHILDREN'S PUBLISHING HOUSE","China","18656094@qq.com"
"HUNAN YONGZHOU BENTENG COLOR PRINTING CO.  LTD.","China","kama@hnbtcy.com"
"JIELI PUBLISHING HOUSE CO.  LTD.","China","angel.jieli@foxmail.com"
"JILIN PUBLISHING GROUP CO.  LTD.","China","50760513@qq.com"
"MEICHENG PRINTING INT. LTD.","China","richlee@meichengprinting.com"
"MILLION PRINTING COMPANY","China","smartkan@vip.163.com"
"MORAL REGION HOLDINGS LTD.","China","aceshi@dycx.com.hk"
"NEW BUDS PUBLISHING HOUSE (TIANJIN) LIMITED COMPANY","China","david_newbuds@163.com"
"THE PETREL PUBLISHING HOUSE","China","465270573@qq.com"
"PHOENIX JUVENILE AND CHILDREN'S PUBLISHING LTD.","China","839469115@qq.com"
"SHANDONG SCIENCE AND TECHNOLOGY PRESS CO.  LTD.","China","heyue2013@163.com"
"JUVENILE &amp; CHILDREN'S PUBLISHING HOUSE  SHANGHAI CENTURY ...","China","wangcatherine901@163.com"
"SHANGHAI EVERICH IMP &amp; EXP TRADING CO. LTD.","China","albert.tang@novaeverich.com"
"SHANNXI FUTURE PUBLISHING HOUSE CO. LTD.","China","13002934092@163.com"
"SHENZHEN BABYGO INTERNATIONAL TECHNOLOGY CO.  LTD.","China","sales@cableym.com"
"SHENZHEN HUAXIN PRINTING CO.  LTD.","China","info@ehxprint.com"
"SHENZHEN JINHAO COLOR PRINTING CO.  LTD.","China","admin@lzjhy.com"
"SHENZHEN YOOHOON YIBANG ELECTRONICS CO.  LTD.","China","shari@talkingpenchina.com"
"SICHUAN CHILDREN'S PUBLISHING HOUSE CO.  LTD.","China","10698934@qq.com"
"SMART EDUCATION TECHNOLOGY LTD.","China","herman@reading-pen.com"
"TOMORROW PUBLISHING HOUSE","China","tomorrowpublishing@163.com"
"ZHEJIANG JUVENILE AND CHILDREN'S PUBLISHING HOUSE CO  LTD.","China","carolchul222@126.com"
"ZHEJIANG SINOLIGHT MEDIATEK CO.  LTD.","China","sales@sino-light.com"
"BETTERWORLD LTD.","Cyprus","bakhram@amayasoft.com"
"CYPRUS ASSOCIATION ON BOOKS FOR YOUNG PEOPLE","Cyprus","costaskatsonis@gmail.com"
"BABEL LIBROS","Colombia","editoria@babellibros.com.co"
"CÁMARA COLOMBIANA DEL LIBRO","Colombia","ksierra@camlibro.com.co"
"EDUCAR EDITORES","Colombia","gerencia.planlectot@educar.com.co"
"EDITORIAL GATOMALO","Colombia","editorialgatomalo@yahoo.com"
"INTERMEDIO EDITORES","Colombia","koarc@circulo.com.co"
"LOQUELEO COLOMBIA","Colombia","amgonzales@santillana.com"
"EDITORIAL NORMA","Colombia","fanuel.diaz@carvajal.com"
"PANAMERICANA EDITORIAL","Colombia","frojas@panamericana.com.co"
"PENGUIN RANDOM HOUSE COLOMBIA","Colombia","laura.gomez@penguinrandomhouse.com"
"REY NARANJO EDITORES","Colombia","jonaranjo@gmail.com"
"SM EDICIONES","Colombia","freddy.goncalves@grupo-sm.com"
"TIEMPO DE LEER","Colombia","directioncomercial@tiempodeleer.com"
"TRAGALUZ EDITORES S.A.S","Colombia","jpserna@tragaluzeditores.com"
"EDITIONS L'HARMATTAN - CONGO","Republic of Congo","mackiozydjackson@yahoo.fr"
"AGAWORLD","Korea","erica@agaworld.com"
"AGENCY PK","Korea","paulinekim@pkagency.com;agencypk@pkagency.com;pk_chinese@pkagency.com"
"APPLEBEE PUBLISHING INC.","Korea","sun4889@applebeebook.com"
"ARCHIVE FACTORY","Korea","contact@archivefactory.co.kr"
"AREVO","Korea","alzzamedu@gmail.com"
"ASSOCIATION OF YOUNG AUTHORS IN KOREA","Korea","yun.author@gmail.com"
"ATNOONBOOKS","Korea","atnoonbooks@naver.com"
"BANDAL","Korea","fallinnosto@hanmail.net;kbo@kinderland.co.kr"
"BEAR BOOKS","Korea","bear@bearbooks.co.kr"
"BIR PUBLISHING CO.  LTD.","Korea","claire@bir.co.kr"
"BOMBOM PUBLISHING. CO.","Korea","bbb@bombombook.com;bbsun@bombombook.com"
"BOOKGOODCOME","Korea","bookgoodcome@gmail.com"
"BORIM PRESS","Korea","tea@borimpress.com;sunjoo@borimpress.com"
"CHANGBI PUBLISHERS  INC.","Korea","copyright2@changbi.com"
"CHUNGEORAM JUNIOR","Korea","juniorbook@naver.com;clover31@hanmail.net"
"D&amp;P CO. LTD.","Korea","wind2015@naver.com"
"DESIGN KIDS","Korea","d4k903@naver.com"
"GLOYEON","Korea","shoh25@hanmail.net"
"HILLS","Korea","viki914@hanmail.net;hillson@naver.com"
"HONEY JAR","Korea","by_dogii@naver.com"
"HYEONAMSA PUBLISHING CO.  LTD.","Korea","fish@hyeonamsa.com"
"IPORTFOLIO INC.","Korea","contact@iportfolio.co.kr"
"IYAGIKOT PUBLISHING","Korea","iyagikot@naver.com"
"JAIMIMAGE PUBLISHING CO.","Korea","jaim@jaimimage.com"
"JUNIOR GIMM-YOUNG PUBLISHERS  INC.","Korea","syk@gimmyoung.com;woony5@gimmyoung.com"
"KIZ-M EDUCATION GROUP","Korea","michnam91@gmail.com"
"KOREAN PUBLISHERS ASSOCIATION","Korea","jiyeon.lee@kpa21.or.kr"
"KT&amp;G SANGSANGMADANG","Korea","msy10813@ssmadang.co.kr;keebee@ssmadang.co.kr"
"KYOWON CO. LTD.","Korea","karenkim@kyowon.co.kr;sujin.park@kyowon.co.kr"
"MIRAE N CO.  LTD.","Korea","park.jiyoung@mirae-n.com"
"NEOLAB CONVERGENCE","Korea","communication@neolab.net"
"NONJANG PUBLISHING CO.","Korea","nonjang@chol.com;amarla@hanmail.net"
"SAKYEJUL PUBLISHING L.T.D.","Korea","kanghjoo@sakyejul.co.kr"
"SAN GRIM","Korea","koreanillust@naver.com"
"SANG PUBLISHING","Korea","sangbooks@naver.com"
"SIGONGJUNIOR- SIGONGSA","Korea","irene@sigongsa.com;amelie@sigongsa.com"
"SIGONGMEDIA","Korea","webmaster@sigongmedia.co.kr"
"SMARTHAN CO.  LTD.","Korea","eunjin@smart-han.kr"
"SOMEBOOKS","Korea","chosunkyung@gmail.com"
"SON&amp;DAUGHTER","Korea","jbingbing@naver.com;khj8763@hanmail.net"
"UNIDOCS INC.","Korea","donchoi@unidocs.com"
"UNIVERSITY OF SEOUL","Korea","misag@hanmail.net"
"VICTORIA PRODUCTIONS INC.","Korea","victoria@vproductions.net"
"VUIDEA INC.","Korea","hdkim8043@naver.com"
"Y FACTORY INC.","Korea","yfactory@yfactorysoft.com"
"YEARIMDANG PUBLISHING CO.  LTD.","Korea","cke15@yearim-i.kr, khj14@yearim-i.kr;derrick@yearim-i.kr"
"YEOWON MEDIA","Korea","rights@tantani.com"
"ALGORITAM D.O.O.","Croatia","info@algoritam.hr"
"ALKA SCRIPT D.O.O.","Croatia","alkascript@alkascript.hr"
"HRVATSKA DJECJA KNJIGA - CROATIAN CHILDREN'S BOOK","Croatia","andrea@kasmir-promet.com"
"EGMONT PUBLISHING CROATIA","Croatia","corporateweb@egmont.com"
"EVENIO D.O.O.","Croatia","info@evenio.hr"
"KAŠMIR PROMET","Croatia","andrea@kasmir-promet.com"
"MATICA HRVATSKA OGRANAK DUBROVNIK","Croatia","mhdubrovnik@optinet.hr"
"MOZAIK KNJIGA D.O.O.","Croatia","zoran.maljkovic@mozaik-knjiga.hr"
"NAŠA DJECA D.O.O.","Croatia","nasa-djeca@nasa-djeca.hr"
"SKOLSKA KNJIGA D.D.","Croatia","jasenka.niksic@skolskaknjiga.hr"
"ABC FORLAG","Denmark","info@abc-forlag.dk"
"ALVILDA","Denmark","forlaget@alvilda.dk"
"ARVIDS","Denmark","karen@gorlagetarvids.dk"
"BIGINI REKLAME - THE NORDIC COLLECTIVE STAND","Denmark","bigini@bigini.dk"
"DANISH ARTS FOUNDATION  LITERATURE","Denmark","litt@kulturstyrelsen.dk"
"EGMONT ADMINISTRATION A/S","Denmark","egmont@egmont.com"
"EGMONT PUBLISHING DENMARK","Denmark","corporateweb@egmont.com"
"GLOBE PUBLISHING","Denmark","info@globe.dk;per@globe.dk"
"GYLDENDAL GROUP AGENCY","Denmark","stinne_hjortlund@gyldendalgroupagency.dk"
"JENSEN &amp; DALGAARD","Denmark","forlaget@jensenogdalgaard.dk"
"SCANDINAVIA PUBLISHING HOUSE","Denmark","dp@sph.as"
"AL-BALSAM PUBLISHING HOUSE","Egypt","dar@al-balsam.com"
"AL QASIMI","U.A.E.","abdalla@sibf.com"
"ARAB CHILDREN'S BOOK PUBLISHERS FORUM","U.A.E.","acbpf@yahoo.com"
"KALIMAT","U.A.E.","info@kalimat.ae"
"SHARJAH BOOK AUTHORITY","U.A.E.","faisal@sibf.com"
"THE UAE BOARD ON BOOKS FOR YOUNG","U.A.E.","info@uaebby.org.ae"
"EGMONT PUBLISHING ESTONIA","Estonia","corporateweb@egmont.com"
"ESTONIAN PUBLISHERS ASSOCIATION","Estonia","kirjastusteliit@eki.ee"
"HOP PLAY OÜ","Estonia","hop@hop-play.com"
"BOKADEILD FÖROYA LAERARAFELAGS","Faroe Islands","bfl@bfl.fo"
"BONNIER RIGHTS FINLAND","Finland","info@bonnierrights.fi"
"DRAMAFORUM OY","Finland","mia.lonn@dramaforum.fi"
"EGMONT PUBLISHING FINLAND","Finland","corporateweb@egmont.com"
"FILI - FINNISH LITERATURE EXCHANGE","Finland","fili@finlit.fi"
"OTAVA PUBLISHING COMPANY LTD./OTAVA GROUP AGENCY (OGA)","Finland","firstname.lastname@otava.fi;oga@otava.fi"
"SCHILDTS &amp; SÖDERSTRÖMS","Finland","info@sets.fi"
"TAMMI PUBLISHERS  REPRESENTED BY ELINA AHLBÄCK LITERARY ...","Finland","info@ahlbackagency.com"
"A DOS D'ANE","France","contact@adosdane.com"
"ABC MELODY EDITIONS","France","info@abcmelody.com"
"ACTES SUD JUNIOR","France","junior@actes-sud.fr"
"L'AGRUME","France","contact@lagrume.org"
"ALBIN MICHEL JEUNESSE","France","eloise.elandaloussi@albin-michel.fr"
"AMATERRA","France","contact@amaterra.fr"
"LES APPRENTIS REVEURS","France","contact@apprentisreveurs.com"
"ATELIER DU POISSON SOLUBLE","France","poissonsoluble@wanadoo.fr"
"BALIVERNES EDITIONS","France","editions@balivernes.com"
"BAMBOO EDITION","France","c.loiselet@bamboo.fr"
"GROUPE BAYARD","France","geraldine.hummel@groupebayard.com"
"BAYARD EDITIONS","France","geraldine.hummel@groupebayard.com"
"BENJAMINS MEDIA","France","contact@benjamins-media.org"
"BIBLIOTHÈQUE NATIONALE DE FRANCE - CENTRE NATIONAL ...","France","cnlj-jpl.contact@bnf.fr"
"CIRCONFLEXE - MILLEPAGES","France","info@circonflexe.fr"
"ÉDITIONS CLOCHETTE","France","maudor@gmail.com"
"ÉDITIONS COURTES ET LONGUES","France","thibault.gendreau@cleditions.com"
"DADA","France","dada@revuedada.fr"
"DE LA MARTINIÈRE JEUNESSE","France","chartmann@lamartiniere.fr;fpariente@lamartiniere.fr"
"ÉDITIONS DELCOURT","France","tleroux@groupedelcourt.com"
"DIDIER JEUNESSE","France","arisaliti@editions-didier.fr"
"L'ECOLE / L'ECOLE DES LOISIRS","France","edl@ecoledesloisirs.com"
"EDITIONS AUZOU - EDI","France","aurelia.hardy@auzou.com"
"EDITIONS BELIN","France","anne.vignau@editions-belin.fr"
"EDITIONS DES GRANDES PERSONNES","France","editionsdesgrandespersonnes@gmail.com;sabine.louali@gmail.com"
"EDITIONS GRAINE 2","France","e.hourtoulle@graine2-editions.com"
"EDITIONS GRASSET-JEUNESSE","France","vvanguelov@grasset.fr"
"EDITIONS LE VERGER DES HESPÉRIDES","France","levergerdeshesperides@hotmail.fr"
"ÉDITIONS MAGNANI","France","contact@editions-magnani.com"
"EDITIONS PLAY BAC","France","foreign-rights@playbac.fr"
"EDITIONS SOLEIL","France","saupert@groupedelcourt.com"
"EDITIONS TALENTS HAUTS","France","laurence.faron@talentshauts.fr"
"EDOKI ACADEMY","France","valerie@edokiacademy.com"
"FLAMMARION-PÈRE CASTOR","France","foreignrights@flammarion.fr"
"FLEURUS EDITIONS","France","fleuruseditions@fleuruseditions.com"
"LES FOURMIS ROUGES","France","hannele@hanneleandassociates.fr;b.bottero@fourmisrouges.fr"
"FRANCE-BUREAU INTERNATIONAL DE L'EDITION FRANÇAISE","France","info@bief.org"
"GALLIMARD JEUNESSE","France","anne.bouteloup@gallimard-jeunesse.fr"
"GAUTIER-LANGUEREAU / DEUX COQS D'OR","France","avignol@hachette-livre.fr"
"GLÉNAT EDITIONS","France","louise.carcopino@glenat.com;marion.corveler@glenat.com"
"GRÜND / DRAGON D'OR","France","james.elliott@edi8.fr"
"GULF STREAM EDITEUR","France","angela.lery@gulfstream.fr"
"HACHETTE ASTÉRIX","France","mjablonski@hachette-livre.fr"
"HACHETTE JEUNESSE","France","avignol@hachette-livre.fr"
"HACHETTE LIVRE","France",""
"HATIER JEUNESSE","France","arisaliti@editions-hatier.fr"
"HELIUM","France","info@helium-editions.fr"
"HOLINAIL","France","info@holinail.com"
"HONGFEI CULTURES","France","rights@hongfei-cultures.com"
"HUMANOIDS","France","licensing@humano.com"
"IMAV ÉDITIONS","France","n.gaucher@imaveditions.com"
"KALEIDOSCOPE","France","laurie@editions-kaleidoscope.com"
"KANJIL","France","kanjilediteur@gmail.com"
"KILOWATT ÉDITIONS","France","infos@kilowatt.fr"
"EDITIONS LAROUSSE","France","nmoreau@larousse.fr"
"LE POMMIER","France","marie-agathe.legueut@editions-lepommier.fr"
"L'ELAN VERT","France","elan.vert@wanadoo.fr"
"LES DOIGTS QUI RÊVENT","France","philippe.claudet@wanadoo.fr"
"LES EDITIONS DE LA SALAMANDRE","France","info@salamandre.net"
"LES EDITIONS DES ELEPHANTS","France","rights@les-editions-des-elephants.com"
"LIRABELLE","France","lirabelle-olivierayme@wanadoo.fr"
"EDITIONS LITO","France","aurelia.spalacci@editionslito.com"
"EDITIONS THIERRY MAGNIER","France","etm@editions-thierry-magnier.com"
"MANGO JEUNESSE","France","m.girona@fleuruseditions.com"
"MARCEL ET JOACHIM","France","charlotte.duverne@marceletjoachim.fr"
"MARMAILLE ET COMPAGNIE","France","contact@marmaille-compagnie.com"
"MEDIATOON LICENSING","France","contact.mfr@mediatoon.com"
"EDITIONS MEMO","France",""
"MILA EDITIONS","France","info@mila-editions.fr"
"MILAN EDITIONS","France","geraldine.hummel@groupebayard.com"
"MOULIN ROTY","France","info@moulinroty.it"
"MSA AGENCIA EDITORIAL","France","info@msaagenciaeditorial.com"
"NATHAN","France",""
"OCÉAN  ÉDITIONS","France","eric@ocean-editions.fr"
"OKIDOKID","France","jdelagausie@okidokid.fr"
"EDITIONS PICCOLIA","France","info@editions-piccolia.fr"
"PIMCHOU","France","abriard@pimchou.fr"
"QUELLE HISTOIRE","France","alexandre.morelli@quellehistoire.fr"
"RAGEOT EDITEUR","France","rageotediteur@editions-hatier.fr"
"LES ÉDITIONS DU RICOCHET","France","ricochet.contact@orange.fr"
"ROUERGUE S.A.","France","info@lerouergue.com"
"RUE DE L' ÉCHIQUIER","France","contact@ruedelechiquier.net"
"RUE DE SEVRES","France","idarthy@ecoledesloisirs.com"
"RUE DU MONDE","France","ruedumonde@wanadoo.fr"
"SALON DU LIVRE ET DE LA PRESSE JEUNESSE - TRANSBOOK","France","contact@slpj.fr"
"EDITIONS SALVATOR","France","contact@editions-salvador.com"
"EDITIONS SARBACANE","France","phianh@lapetiteagence.fr"
"SEUIL JEUNESSE","France","chartmann@lamartiniere.fr;fpariente@lamartiniere.fr"
"SYROS JEUNESSE","France","smini@syros.fr"
"TOURBILLON","France","geraldine.hummel@groupebayard.com"
"LES TROIS OURSES","France","troisourses@wanadoo.fr"
"WINIOUX","France","winioux@laposte.net"
"ADVOCATE ART LTD.","Great Britain","kate@advocate-art.com"
"ALADDIN BOOKS LTD","Great Britain","sales@aladdinbooks.co.uk"
"AMBER BOOKS LTD. (TIPTOE BOOKS LTD.)","Great Britain","rights@amberbooks.co.uk"
"A.M.K. (SERVICE) AGENCY LTD.","Great Britain","barbara@amk.org"
"ANDERSEN PRESS LTD.","Great Britain","SPakenham@penguinrandomhouse.co.uk"
"ANNESS PUBLISHING LTD.","Great Britain","info@anness.com"
"ANNO DOMINI PUBLISHING LIMITED","Great Britain","davidv@ad-publishing.co.uk;annetter@ad-publishing.co.uk"
"ARCTURUS PUBLISHING LTD.","Great Britain",""
"AUTUMN PUBLISHING","Great Britain","enquiries@autumnpublishing.co.uk"
"AWARD PUBLICATIONS LTD.","Great Britain","info@awardpublications.co.uk"
"B SMALL PUBLISHING LTD.","Great Britain","sh@bsmall.co.uk;books@bsmall.co.uk"
"BARRINGTON STOKE","Great Britain","info@barringtonstoke.co.uk"
"BJA DESIGN &amp; EXHIBITIONS LTD.","Great Britain","ali@bja.co.uk"
"BLOOMSBURY PUBLISHING PLC","Great Britain","rights@bloomsbury.com"
"BONNIER PUBLISHING LTD.","Great Britain","info@bonnierpublishing.co.uk"
"BOOKLIFE","Great Britain","info@booklife.co.uk"
"THE BOOKSELLER","Great Britain","emma.lowe@thebookseller.com"
"BRAMBLEKIDS LTD","Great Britain","info@bramblekids.com"
"BROWN WATSON","Great Britain","books@brownwatson.co.uk"
"BUTTON BOOKS","Great Britain","mela@thegmcgroup.com"
"CAMBRIDGE SCHOOL OF ART","Great Britain","pam.smy@anglia.ac.uk"
"CARLTON PUBLISHING GROUP","Great Britain","jpacheco@carltonbooks.co.uk"
"THE CHICKEN HOUSE","Great Britain","chickenhouse@doublecluck.com"
"CHILD'S PLAY (INTERNATIONAL) LTD.","Great Britain","office@childs-play.com"
"DK","Great Britain",""
"DREAMWORKS ANIMATION","Great Britain","harriet.murphy@dreamworks.com"
"DUBIT LIMITED","Great Britain","david.kleeman@dubitlimited.com"
"EGMONT PUBLISHING UK","Great Britain","corporateweb@egmont.com"
"EXPRESS PUBLISHING","Great Britain","inquiries@expresspublishing.co.uk"
"FABER &amp; FABER LTD.","Great Britain",""
"FLORIS BOOKS","Great Britain","katy@florisbooks.com"
"FLYING EYE BOOKS / NOBROW","Great Britain","info@nobrow.net"
"FOUNTAIN TREE LTD","Great Britain","megan@meadowkids.com"
"FOURTH WALL PUBLISHING","Great Britain","ann.qian@fourthwallpublishing.com"
"GREEN ANDROID LIMITED","Great Britain","toby@greenandroid.co.uk"
"HACHETTE CHILDREN'S GROUP","Great Britain","rights@hachettechildrens.co.uk"
"HALDANE MASON LTD.","Great Britain","info@haldanemason.com"
"HARPERCOLLINS PUBLISHERS","Great Britain",""
"HODDER CHILDREN'S BOOKS","Great Britain",""
"HOMETOWN WORLD LTD.","Great Britain","info@hometownworld.co.uk"
"HOT KEY BOOKS","Great Britain","enquiries@hotkeybooks.com"
"HUNGRY TOMATO LTD.","Great Britain","john@hungrytomato.com"
"HYTEX COMMUNICATION SERVICES LTD.","Great Britain","jo.goodwin@hytex.co.uk"
"I AM A BOOKWORM","Great Britain","nick@iamabookworm.co.uk"
"I - READ LTD.","Great Britain","sales@i-read.co.uk"
"IGLOO BOOKS","Great Britain","customerservice@igloobooks.com"
"ISEEK LTD","Great Britain","info@iseekcreative.com"
"LAURENCE KING PUBLISHING LTD.","Great Britain","amy.hawkins@laurenceking.com;enquiries@laurenceking.com"
"LEMONADE ILLUSTRATION AGENCY","Great Britain","info@lemonadeillustration.com"
"LION HUDSON PLC","Great Britain",""
"LITTLE TIGER GROUP","Great Britain","rights@littletiger.co.uk"
"LITTLE  BROWN BOOKS FOR YOUNG READERS (UK)","Great Britain",""
"LONELY PLANET PUBLICATIONS LTD.","Great Britain","go@lonelyplanet.co.uk"
"MACMILLAN CHILDREN'S BOOKS","Great Britain","childrensrightsquery@macmillan.co.uk"
"MAKE BELIEVE IDEAS","Great Britain","enquiries@makebelieveideas.com"
"MANOJ PUBLICATIONS","Great Britain","info@manojpublications.com"
"MAVERICK ARTS PUBLISHING LTD.","Great Britain","sales@maverick-arts.co.uk"
"MICHAEL O'MARA BOOKS LTD.","Great Britain","enquiries@mombooks.com"
"MILES KELLY PUBLISHING","Great Britain","info@mileskelly.net"
"MILLY&amp;FLYNN","Great Britain","sales@millyandflynn.com"
"MINILAB LTD.","Great Britain","fparzanese@minilabstudios.com"
"NEXTQUISITE LTD","Great Britain","amcrae@nextquisite.com"
"NORTH PARADE PUBLISHING","Great Britain","lottie@nppbooks.co.uk"
"NOSY CROW LTD","Great Britain","hello@nosycrow.com"
"OLD BARN BOOKS LTD.","Great Britain","ruth@oldbarnbooks.com"
"ORCHARD BOOKS","Great Britain",""
"ORION CHILDREN'S BOOKS","Great Britain","rights@hachettechildrens.co.uk"
"OTTER-BARRY BOOKS","Great Britain","janetta@otterbarrybooks.com"
"OXFORD UNIVERSITY PRESS","Great Britain","ELT.channelsandpartnerships@oup.com"
"OXFORD UNIVERSITY PRESS","Great Britain","valentina.fazio@oup.com"
"PALAZZO EDITIONS LTD","Great Britain","claudia@palazzoeditions.com"
"PARRAGON","Great Britain","emily.wallis@parragon.com"
"PAVILION CHILDREN'S BOOKS","Great Britain","sales@pavilionbooks.com"
"PENGUIN RANDOM HOUSE UK CHILDREN'S","Great Britain",""
"PHAIDON","Great Britain",""
"PICCADILLY PRESS","Great Britain","books@piccadillypress.co.uk"
"PLUG-IN MEDIA","Great Britain","hello@pluginmedia.net"
"PRIDDY BOOKS","Great Britain","sally.poulson@priddybooks.com"
"THE PUBLISHERS ASSOCIATION","Great Britain","gbailey@publishers.org.uk"
"THE PUBLISHERS ASSOCIATION","Great Britain","mail@publishers.org.uk"
"QUARTO CHILDREN'S GROUP","Great Britain","info@quarto.com;michael.clarke@quarto.com"
"QUERCUS CHILDREN'S BOOKS","Great Britain",""
"RAINTREE","Great Britain",""
"REALLY DECENT BOOKS LTD.","Great Britain","info@reallydecentbooks.co.uk"
"RED BIRD PUBLISHING","Great Britain","ian@red-bird.co.uk"
"RED ROBIN BOOKS","Great Britain","enquiries@redrobinbooks.com"
"RIGHTS PEOPLE","Great Britain","info@rightspeople.com"
"RUBY TUESDAY BOOKS LTD.","Great Britain","shan@rubytuesdaybooks.com"
"THE SALARIYA BOOK CO. LTD","Great Britain","salariya@salariya.com"
"SCHOLASTIC LTD.","Great Britain","rights@scholastic.co.uk"
"STUDIO FUN INTERNATIONAL LTD","Great Britain","Louisa.Holbrook@studiofun.com"
"STUDIO PRESS","Great Britain","info@studiopressbooks.co.uk"
"SWEET CHERRY PUBLISHING","Great Britain","info@sweetcherrypublishing.com"
"TATE PUBLISHING","Great Britain","tgpl@tate.org.uk"
"TEMPLAR PUBLISHING","Great Britain","info@templarco.co.uk"
"THAMES &amp; HUDSON LTD.","Great Britain","t.zaino@thameshudson.co.uk"
"THAT'S RIGHTS! / EASYROYALTIES","Great Britain","info@thatsrights.com"
"TOP THAT PUBLISHING LTD.","Great Britain","EmmaPorter@topthatpublishing.com;david@topthatpublishing.com"
"USBORNE PUBLISHING LIMITED","Great Britain","mail@usborne.co.uk;TeresaN@usborne.co.uk"
"WACKY BEE BOOKS","Great Britain","hello@wackybeebooks.com"
"WALKER BOOKS LIMITED INCLUDING: CANDLEWICK PRESS; ...","Great Britain",""
"FRANKLIN WATTS","Great Britain",""
"WAYLAND PUBLISHERS LTD.","Great Britain",""
"WELDON OWEN","Great Britain","info@weldonowenpublishing.co.uk"
"WINDMILL BOOKS &amp; BROWN BEAR BOOKS","Great Britain","scheung@windmillbooks.co.uk"
"WORKING PARTNERS LTD.","Great Britain","enquiries@workingpartnersltd.co.uk;AlexWebb@rightspeople.com"
"BOOK ART CENTER TBILISI","Georgia","anabookart@gmail.com"
"AHOIII ENTERTAINMENT","Germany",""
"ALADIN VERLAG GMBH","Germany","info@aladin-verlag.de"
"ARBEITSGEMEINSCHAFT VON JUGENDBUCHVERLAGEN E.V. (AVJ)","Germany","info@avj-online.de"
"ARBEITSKREIS FÜR JUGENDLITERATUR E.V.","Germany","info@jugendliteratur.org"
"ARENA VERLAG GMBH","Germany","lizenzen@arena-verlag.de"
"ARSEDITION GMBH","Germany","verlag@arsedition.de"
"ART GRAFIK- BECKER &amp; BECKER VERTRIEB GMBH &amp; CO.KG","Germany","info@art-grafic.eu / vetrieb@gwbi.de"
"BAUMHAUS VERLAG IN DER BASTEI LÜBBE AG","Germany","Jacqueline.rehse@luebbe.de"
"JULIUS BELTZ GMBH &amp; CO. KG","Germany","info@beltz.de"
"BIBLIOGRAPHISCHES INSTITUT GMBH/DUDENVERLAG","Germany","kundenservice@duden.de"
"BLUE OCEAN ENTERTAINMENT AG","Germany","info@blue-ocean-ag.de"
"BOJE VERLAG IN DER BASTEI LÜBBE AG","Germany","jacqueline.rehse@luebbe.de"
"CARLSEN VERLAG GMBH","Germany","info@carlsen.de"
"CBJ VERLAG","Germany","sonja.assfalg@randomhouse.de"
"COMPACT VERLAG GMBH","Germany","giancarlo.russo@compactverlag.de"
"COPPENRATH VERLAG","Germany","info@coppenrath.de"
"DEUTSCHE BIBELGESELLSCHAFT","Germany","info@dbg.de"
"DIX VERLAG","Germany","post@dix-verlag.de"
"DRESSLER VERLAG GMBH","Germany","dressler@verlagsgruppe-oetinger.de"
"DTV VERLAGSGESELLSCHAFT MBH &amp; CO. KG","Germany","junior@dtv.de"
"EDITION BRACKLO - GABRIELA BRACKLO","Germany","post@edition-bracklo.de"
"EGMONT PUBLISHING GERMANY","Germany","corporateweb@egmont.com"
"EGMONT VERLAGSGESELLSCHAFTEN / SCHNEIDERBUCH","Germany","g.toquin@egmont-vg.de"
"ELLERMANN - DRESSLER VERLAG GMBH","Germany","ellermann@verlagsgruppe-oetinger.de"
"FISCHER KINDER-UND JUGENDBUCH VERLAG GMBH","Germany","kinderundjugendbuch@fischerverlage.de"
"FOX &amp; SHEEP GMBH","Germany","verena@foxandsheep.com"
"FRANCKH KOSMOS VERLAGS GMBH &amp; CO. KG","Germany","info@kosmos.de;a.hierholz@kosmos.de"
"GERMANY - GERMAN COLLECTIVE AND FRANKFURT BOOK FAIR","Germany","buhre@book-fair.com"
"GERSTENBERG VERLAG GMBH &amp; CO. KG","Germany","verlag@gerstenberg-verlag.de"
"PETER HAMMER VERLAG GMBH","Germany","info@peter-hammer-verlag.de"
"CARL HANSER VERLAG GMBH &amp; CO. KG","Germany","info@hanser.de"
"HINSTORFF VERLAG GMBH","Germany","presse@hinstorff.de"
"INTERNATIONALE JUGENDBIBLIOTHEK","Germany","direktion@ijb.de"
"IO ILLUSTRATOREN ORGANISATION E V.","Germany","info@illustratoren-organisation.de"
"VERLAGSHAUS JACOBY &amp; STUART GMBH","Germany","verlag@jacobystuart.de"
"JUMBO NEUE MEDIEN &amp; VERLAG GMBH","Germany","info@jumbo-medien.de"
"KERLE IN DER VERLAG HERDER GMBH","Germany","bressan@herder.de"
"KINDERMANN VERLAG","Germany","anna.kindermann@kindermannverlag.de"
"KLETT KINDERBUCH","Germany","info@klett-kinderbuch.de"
"KLOPOTEK AG","Germany","info@klopotek.de/com"
"KUNSTANSTIFTER VERLAG","Germany","info@kunstanstifter.de"
"VERLAG ANTJE KUNSTMANN GMBH","Germany","info@kunstmann.de"
"LEIV LEIPZIGER KINDERBUCH VERLAG","Germany","steffen.lehmann@leiv-verlag.de"
"LITTLE GESTALTEN","Germany","littlegestalten@gestalten.com"
"LOEWE VERLAG GMBH","Germany","rights@loewe-verlag.de"
"MAGELLAN GMBH &amp; CO. KG","Germany","info@magellanverlag.de"
"MIXTVISION VERLAG","Germany","foreignrights@mixtvision.de"
"MOSES. VERLAG GMBH","Germany","info@moses-verlag.de"
"MUTHESIUS KUNSTHOCHSCHULE KIEL","Germany","markushuber@muthesius.de"
"NAUMAN &amp; GÖBEL VERLAGSGESELLSCHAFT MBH","Germany","info@vemag-medien.de"
"OETINGER 34","Germany","oetinger34@verlagsgruppe-oetinger.de"
"OETINGER TASCHENBUCH GMBH","Germany","taschenbuch@verlagsgruppe-oetinger.de"
"VERLAG FRIEDRICH OETINGER GMBH","Germany","oetinger@verlagsgruppe-oetinger.de"
"PONS GMBH","Germany","u.keppler@pons.de"
"R.G. FISCHER VERLAG","Germany","info@rgfisher-verlag.de"
"RAVENSBURGER BUCHVERLAG OTTO MAIER GMBH","Germany","buchverlag@ravensburger.de"
"ROWOHLT VERLAG","Germany","info@rowohlt.de"
"STORYDOCKS GMBH","Germany","marie.dietsch@storydocks.com"
"TESSLOFF VERLAG","Germany","info@tessloff.com"
"THIENEMANN - ESSLINGER VERLAG","Germany","bernhard@thienemann-esslinger.de"
"TULIPAN VERLAG GMBH","Germany","klussmann@tulipan-verlag.de"
"UEBERREUTER VERLAG GMBH","Germany","office@ueberreuter.de"
"URBN POCKETS","Germany","info@urbn-pockets.com"
"VERLAG FREIES GEISTESLEBEN &amp; URACHHAUS","Germany","lin@geistesleben.com"
"VIELFLIEGER VERLAG","Germany","felix.busse@vielflieger-verlag.com"
"WERKHAUS DESIGN UND PRODUKTION","Germany","info@werkhaus.de"
"WIMMELBUCHVERLAG","Germany","post@wimmelbuchverlag.de"
"AFRICAN BUREAU HOUSE FOR CHILDREN'S STORIES &amp; GOLDEN BAOBAB","Ghana","deborah@goldenbaobab.org"
"LMH PUBLISHING LIMITED","Jamaica","lmhbookpublishing@cwjamaica.com"
"BL PUBLISHING CO.  LTD.","Japan",""
"BRONZE PUBLISHING","Japan","naoko-t@bronze.co.jp"
"CHILD HONSHA CO.  LTD.","Japan",""
"CREATORS FACTORY TOKYO","Japan","creators-factory@tune.ocn.ne.jp"
"FROEBEL-KAN COMPANY  LIMITED","Japan","info-e@froebel-kan.co.jp"
"FUKUINKAN SHOTEN PUBLISHERS  INC.","Japan","international-rights@fukuinkan.co.jp"
"G-GRAPE CO. LTD.","Japan","nonaka@g-grape.co.jp"
"JAPAN FOREIGN-RIGHTS CENTRE (JFC)","Japan","yurika@jfc-tokyo.co.jp"
"KAISEI-SHA PUBLISHING CO.  LTD.","Japan","foreign@kaiseisha.co.jp"
"KODANSHA LTD.","Japan","foreignrights@kodansha.co.jp"
"KOGUMA PUBLISHING CO.  LTD.","Japan","sekiya@kogumasha.co.jp"
"ONE STROKE","Japan","komagata@one-stroke.co.jp"
"POPLAR PUBLISHING CO.  LTD.","Japan","internationalrights@poplar.co.jp"
"SUZUKI PUBLISHING CO.  LTD.","Japan","edit-info@suzuki-syuppan.co.jp"
"TOKUMA SHOTEN PUBLISHING CO.  LTD.","Japan","children@shoten.tokuma.com"
"JORDAN E-BOOKS LLC","Jordan","jordanebook2013@gmail.com;Bushra.T.jo@gmail.com"
"PATAKIS PUBLISHERS","Greece","foreignrights@patakis.gr"
"AMANUENSE","Guatemala","info@grupo-amanuense.com"
"ANPAK PRINTING LTD.","Hong Kong","info@anpak.com"
"CHOCOLATE RAIN JEWELERY &amp; DESIGN CO. LTD.","Hong Kong","info@chocolaterain.com"
"EDU-PETIT","Hong Kong","mktg@edu-petit.com"
"EGMONT PUBLISHING SOURCING","Hong Kong","corporateweb@egmont.com"
"HONG KONG PUBLISHING FEDERATION LIMITED","Hong Kong","info@publishers.com.hk"
"KODEC DEVELOPMENT LIMITED","Hong Kong","gladys_liu@kodec.com"
"THE HONG KONG PRINTERS ASSOCIATION","Hong Kong","printers@hkprinters.org"
"AADARSH PVT. LTD.","India","smita@aadarsh.com"
"ART FACTORY (A DIV. OF JJ. IMPRINTS PVT. LTD.)","India","sagar@jjprintindia.com"
"BRIJBASI ART PRESS-HELLO FRIEND","India","sanjayd@hellofriendbooks.com"
"DREAMLAND PUBLICATIONS","India","dreamland@vsnl.com"
"HAR-ANAND PUBLICATIONS PVT LTD.","India","haranand@rediffmail.com"
"INTERNATIONAL PRINT-O-PAC LTD.","India","amitmittal@ippindia.com"
"LITTLE KINGDOM BOOKS","India","mohitmrt71@yahoo.com"
"MACAW BOOKS","India","sandeep@macawbooks.com"
"MANDARA PUBLISHING","India","info@mandarapublishing.com"
"NAVNEET EDUCATION LTD.","India","george.punnoose@navneet.com"
"OM BOOKS INTERNATIONAL","India","rights@ombooks.com"
"QUIXOT PUBLICATIONS","India","sharad@quixotmultimedia.com"
"STERLING PUBLISHERS PVT. LTD","India","gkg@sterlingpublishers.com"
"TARA BOOKS PVT LTD","India","mail@tarabooks.com"
"XACT STUDIO INTERNATIONAL","India","rahul.xact@gmail.com"
"YOUNG ANGELS","India","youngangels04@gmail.com"
"THE MINISTRY OF EDUCATION AND CULTURE  REPUBLIC OF INDONESIA","Indonesia","laura@kesaintblanc.co.id"
"LITARA FOUNDATION","Indonesia","litara.foundation@gmail.com;info@litara.or.id"
"PT GRAMEDIA PUSTAKA UTAMA","Indonesia","andiana@gramediapublishers.com"
"ZIKRUL HAKIM BESTARI","Indonesia","foreignright@penerbitbestari.com"
"BLUE BIRD BOOKS (ELMI-FARHANGI PUBLISHING CO.)","Iran","info@ibluebird.com"
"KANOON/INSTITUTE FOR THE INTELLECTUAL DEVELOPMENT ...","Iran","book@kanoonintl.com"
"IRAN CULTURAL FAIRS INSTITUTE","Iran","r.nuei@tibf.ir"
"SHABAVIZ PUBLISHING COMPANY","Iran","shabaviz@shabaviz.com;shabaviz_publication@yahoo.com"
"DEIRDRE WHELAN PUBLISHING LTD.","Ireland","info@dwp.ie"
"IRELAND / C/O  AMK","Ireland",""
"THE O'BRIEN PRESS LTD.","Ireland","books@obrien.ie"
"STORYTOYS","Ireland","info@storytoys.com"
"BOOKS FROM ISRAEL","Israel","litscene@ithl.org.il;culture@roma.mfa.gov.il;avivit.hagby@gmail.com"
"3X1010 SRL","Italy","sistemi@3x1010.it"
"ALIR - ASSOCIAZIONE LIBRERIE INDIPENDENTI RAGAZZI","Italy","librerieindipendentiragazzi@gmail.com"
"ANIMATION ITALIA","Italy","info@animationitalia.it"
"ANTE QUEM SRL","Italy","info@antequem.it"
"ANT'S BOOKS","Italy","info@antsbooks.it"
"APPLIX EDUCATION SRL","Italy","info@applixeducation.com"
"EDIZIONI ARKA SRL","Italy","arka@arkaedizioni.it"
"ARS IN FABULA","Italy","info@arsinfabula.com"
"EDIZIONI ARTEBAMBINI SNC","Italy","info@artebambini.it"
"ASSOCIAZIONE AUTORI DI IMMAGINI","Italy","info@autoridimmagini.it"
"AIB - ASSOCIAZIONE ITALIANA BIBLIOTECHE","Italy","segreteria@aib.it;"
"ASSOCIAZIONE ITALIANA EDITORI","Italy","aie@aie.it"
"ASSOCIAZIONE TAPIRULAN","Italy","info@tapirulan.it"
"ASTERION PRESS SRL","Italy","info@asterionpress.com"
"ATLANTYCA ENTERTAINMENT","Italy","ilariacassano@atlantyca.it"
"B.I.C SRL BUSINESS INTERNATIONAL COMPANY","Italy","info@biclicensing.it"
"BABALIBRI SRL","Italy","info@babalibri.it"
"BACCHILEGA JUNIOR MOSAICO COOPERATIVA","Italy","info@bacchilegaeditore.it"
"BEISLER EDITORE SRL","Italy","info@beisler.it"
"BIBLIOLIBRÒ (ARTE IN FIABA)","Italy","info@bibliolibro.it"
"BIBLIOTECA DEI LEONI","Italy","info@bibliotecadeileoni.it"
"BOMPIANI - RCS LIBRI SPA","Italy","paola.zelasco@rcs.it"
"ISTITUTO CALLIS ITALIA C/O SOUZA","Italy","info@istitutocallis.it;editorial@callis.com.br"
"CAMELOZAMPA","Italy","info@camelozampa.com"
"CANICOLA ASSOCIAZIONE CULTURALE","Italy","info@canicola.net"
"CARTHUSIA EDIZIONI","Italy","i.maurri@carthusiaedizioni.it;info@carthusiaedizioni.it"
"IL CASTELLO EDITORE SRL","Italy","info@ilcastelloeditore.it"
"EDITRICE IL CASTORO SRL","Italy","info@castoro-on-line.it"
"CENTRO AMBROSIANO - INDIALOGO- IPL","Italy","gianni.cappelletto@chiesadimilano.it"
"CENTRO PER IL LIBRO E LA LETTURA. MIBACT","Italy","c-ll@beniculturali.it;flavia.cristiano@beniculturali.it"
"CITTÀ NUOVA EDITRICE","Italy","diffusione@cittanuova.it"
"LA COCCINELLA SRL","Italy","trade@coccinella.com"
"COCCOLE BOOKS SRL","Italy","edizioni@coccolebooks.com"
"CONAD - CONSORZIO NAZIONALE DETTAGLIANTI SOCIETÀ COOPERATIVA","Italy","scrittoridiclasse@insiemeperlascuola.it"
"MAURIZIO CORRAINI SRL","Italy","info@corraini.com"
"EDIZIONI CORSARE","Italy","edizionicorsare@gmail.com"
"CORSIERO EDITORE","Italy","andrea.casoli@corsieroeditore.it"
"CREABOOKS PACKAGERS","Italy","info@abooks.it"
"CREATIVAMENTE SRL","Italy","info@creativamente.eu"
"CREATIVE EUROPE DESK MEDIA/ ISTITUTO LUCE CINECITTÀ SRL","Italy","torino@europacreativa-media.it"
"EDIZIONI CURCI","Italy","info@edizionicurci.it"
"DAMI INTERNATIONAL (AN IMPRINT OF GIUNTI EDITORE SPA)","Italy","redazioneragazzi@giunti.it"
"DE AGOSTINI LIBRI SPA","Italy","comunicazione.deagostinilibri@deagostini.it"
"DISNEY- LUCAS-MARVEL (IMPRINTS LICENSED TO GIUNTI ...","Italy","info@giunti.it"
"DONZELLI EDITORE","Italy","editore@donzelli.it"
"EDB EDIZIONI DEHONIANE BOLOGNA
CENTRO EDITORIALE ...","Italy","info@dehoniane.it"
"GRUPPO EDICART SRL","Italy","info@edicart.it"
"EDITORIALE SCIENZA SRL (AN IMPRINT OF GIUNTI EDITORE SPA)","Italy","info@editorialescienza.it"
"EDIZIONI CENTRO STUDI ERICKSON SPA","Italy","info@erickson.it"
"EDIZIONI DEL BALDO SRL","Italy","info@pizzighella.com;eleonora.pizzighella@gmail.com"
"EDIZIONI DEL BORGO SRL (IN PARTNERSHIP WITH GIUNTI ...","Italy","info@edizionidelborgo.it"
"EDIZIONI PIEMME SPA -  IL BATTELLO A VAPORE","Italy","laura.barbesino@edizpiemme.it"
"EDIZIONI EL/EINAUDI RAGAZZI/EMME EDIZIONI","Italy","edizioniel@edizioniel.it;fatucci@edizioniel.it"
"MONDADORI ELECTA SPA","Italy","pugliese@mondadori.it"
"ELI SRL","Italy","info@elionline.com"
"ELSE SRL","Italy","else.edizioni@gmail.com"
"EQUILIBRI COOPERATIVA SOCIALE","Italy","info@equilibri-libri.it"
"FABBRI EDITORI - RCS LIBRI SPA","Italy","paola.zelasco@rcs.it"
"FALZEA EDITORE","Italy","info@falzeaeditore.it"
"FANUCCI EDITORE SRL","Italy","info@fanucci.it"
"FATATRAC (UN MARCHIO DI PROPRIETÀ DI EDIZIONI DEL BORGO SRL)","Italy","info@fatatrac.it"
"FEGUAGISKIA' STUDIOS SAS","Italy","andersen@andersen.it"
"GIANGIACOMO FELTRINELLI EDITORE","Italy","ufficio.stampa@feltrinelli.it;segreteria.editoriale@feltrinelli.it"
"FONDAZIONE APOSTOLICAM ACTUOSITATEM - EDITRICE AVE","Italy","r.grande@editriceave.it"
"FONDAZIONE COMUNICAZIONE E CULTURA DELLA CONFERENZA ...","Italy","fcc@chiesacattolica.it"
"FONDAZIONE NAZIONALE CARLO COLLODI","Italy","fondazione@pinocchio.it"
"FOOD SRL","Italy","m.scorletti@gruppofood.com"
"FOTO EDIZIONI SRL","Italy","fotoedizioni@fotoedizioni.it"
"FRANCESCO BRIOSCHI EDITORE","Italy","info@brioschieditore.it"
"FULMINO EDIZIONI","Italy","edizioni@fulmino.it"
"CARLO GALLUCCI EDITORE SRL","Italy","info@galluccieditore.com"
"GEOBOOKS SRL","Italy","info@geoworldgroup.com"
"IL GIORNALINO / G BABY PERIODICI SAN PAOLO","Italy","ilgiornalino@ilgiornalino.org"
"GIRALANGOLO (EDT SRL)","Italy","giralangolo@edt.it"
"GIUNTI EDITORE SPA","Italy","dirgen@giunti.it;"
"GIUNTI JUNIOR (AN IMPRINT OF GIUNTI EDITORE SPA)","Italy","redazioneragazzi@giunti.it"
"GIUNTI KIDS (AN IMPRINT OF GIUNTI EDITORE SPA)","Italy","redazioneragazzi@giunti.it"
"GIUNTI PROGETTI EDUCATIVI SRL","Italy","proed.fi@giunti.it"
"SOCIETÀ EDITORIALE GRAFICHE AZ SRL","Italy","l.aldegheri@graficheaz.it"
"GRIBAUDO-IF-IDEE EDITORIALI FELTRINELLI SRL","Italy","info@gribaudo.it"
"HAMELIN ASSOCIAZIONE CULTURALE","Italy","info@hamelin.net"
"IBBY ITALIA","Italy","ibbyitalia@gmail.com"
"IL GIOCO DI LEGGERE EDIZIONI","Italy","edizioni@ilgiocodileggere.it"
"IL POZZO DI GIACOBBE GRUPPO EDITORIALE SRL","Italy","info@ilpozzodigiacobbe.it"
"IL SOLE DI CARTA SRL","Italy","info@ilsoledicarta.it"
"INTERNETOPOLI - LUDOTECA REGISTRO.IT","Italy","ludoteca@registro.it"
"INUIT SAS DI TAVARNESI MARCO &amp; C.","Italy","inuitbookshop@gmail.com"
"IRFI - ISTITUTO ROMANO PER LA FORMAZIONE IMPRENDITORIALE","Italy","d.petacchi@irfi.it"
"ISIA  URBINO","Italy","info@isiaurbino.net"
"ITA - ITALIAN TRADE AGENCY","Italy","tempo.libero@ice.it"
"KALANDRAKA ITALIA","Italy","info@kalandraka.it"
"KITE EDIZIONI SRL","Italy","kite@kiteedizioni.it"
"KOO-KOO BOOKS","Italy","info@kookoobooks.com"
"LA GRANDE ILLUSION DI GIUSEPPE ZAPELLONI","Italy","salam@lagrandeillusion.it"
"LA NUOVA FRONTIERA SRL","Italy","info@lanuovafrontierajunior.it"
"LAPIS SNC DI R. PUNZI E C.","Italy","lapis@edizionilapis.it"
"LASTREGO &amp; TESTA MULTIMEDIA SRL","Italy","info@lastregoetesta.com"
"IL LEONE VERDE","Italy","leoneverde@leoneverde.it"
"LIBER C/O IDEST SRL","Italy","idest@idest.net"
"L'IPPOCAMPO RAGAZZI","Italy","ippocampo@ippocampoedizioni.it"
"LISCIANIGIOCHI SRL","Italy","info@liscianigiochi.it"
"LO STAMPATELLO SRLS","Italy","lostampatello@gmail.com"
"#LOGOSEDIZIONI","Italy","sara.castellini@logos.info"
"MAGISTERAPP","Italy","info@magisterapp.com"
"MAMMEONLINE COMUNICAZIONE SNC","Italy","editricemol@gmail.com"
"MELAZETA","Italy","info@melazeta.com"
"MIMASTER ILLUSTRAZIONE/OPPI 
ORGANIZZAZIONE PER LA ...","Italy","info@mimasterillustrazione.com"
"MINIBOMBO","Italy","info@minibombo.it"
"MONDADORI LIBRI SPA","Italy","info.ragazzi@mondadori.it"
"MOTTA JUNIOR (AN IMPRINT OF GIUNTI EDITORE SPA)","Italy","redazioneragazzi@giunti.it"
"NOTES EDIZIONI SAS","Italy","notes@notesedizioni.it"
"Ò.P.L.A. ARCHIVIO DEI LIBRI D'ARTISTA PER BAMBINI ...","Italy","biblioteca@comune.merano.bz.it"
"ORECCHIO ACERBO EDITORE","Italy","segreteria.orecchioacerbo@gmail.com"
"FRANCO COSIMO PANINI EDITORE","Italy","federica.previati@fcp.it"
"PAOLINE EDITORIALE LIBRI","Italy","edlibri.mi@paoline.it"
"PEA&amp;PROMOPLAST SRL","Italy","peapromoplast@peapromoplast.com"
"PICCOLA CASA EDITRICE SRL","Italy","info@piccolacasaeditrice.it"
"EDIZIONI PLAY PRESS SRL","Italy","mario.f@edizioniplaypress.com"
"PON PON EDIZIONI SRL ( IN PARTNERSHIP WITH GIUNTI ...","Italy","amministrazione@ponponedizioni.com"
"PUBCODER","Italy","info@pubcoder.com"
"QUIPOS SRL","Italy","quipos@tin.it;rrosana@quipos.net"
"RAFFAELLO LIBRI SRL","Italy","marco.m@grupporaffaello.it"
"RAINBOW SRL","Italy","luca.vecci@rbw.it"
"RBA","Italy","irene-mazzali@rba.es"
"REGIONE CALABRIA","Italy","a.pagliaro@regcal.it"
"RIZZOLI - RCS LIBRI SPA","Italy","paola.zelasco@rcs.it"
"RIZZOLI - RCS LIBRI SPA","Italy","paola.zelasco@rcs.it"
"BUR RIZZOLI RAGAZZI - RCS LIBRI SPA","Italy","paola.zelasco@rcs.it"
"RUEBALLU EDIZIONI","Italy","redazione@rueballu.it"
"RUSCONI LIBRI SPA","Italy","info@rusconilibri.it"
"ADRIANO SALANI EDITORE SRL","Italy","raffaella.salluzzi@salani.it"
"EDIZIONI SAN PAOLO SRL","Italy","sanpaoloedizioni@stpauls.it"
"SARMEDE
FONDAZIONE MOSTRA INTERNAZIONALE D'ILLUSTRAZIONE ...","Italy","info@sarmedemostra.it"
"SASSI EDITORE SRL","Italy","ester@sassieditore.it"
"SCUOLA DI ILLUSTRAZIONE DI SCANDICCI DI CANDIA CASTELLANI","Italy","info@scuolaillustrazionescandicci.it"
"SETTENOVE EDIZIONI","Italy","info@settenove.it"
"SINNOS SOC. COOP. SOCIALE - ONLUS","Italy","info@sinnos.org"
"EDIZIONI SONDA SRL","Italy","sonda@sonda.it"
"TERRE DI MEZZO EDITORE","Italy","segreteria@terre.it;andrearaspanti@terre.it"
"TOPIPITTORI","Italy","info@topipittori.it"
"TUNUÉ SRL","Italy","info@tunue.com"
"UFFICIO INSEGNAMENTO RELIGIONE CATTOLICA NELLE SCUOLE","Italy","irc@bologna.chiesacattolica.it"
"UNICEF","Italy","comitato.bologna@unicef.it;s.antonini@unicef.it;n.grassi@unicef.it"
"UNIONE EDITORI E LIBRAI CATTOLICI ITALIANI - UELCI","Italy","uelciroma@tiscali.it"
"UOVONERO EDIZIONI DI ENZA CRIVELLI &amp; C. SNC","Italy","libri@uovonero.com"
"VALENTINA EDIZIONI","Italy","info@brioschieditore.it"
"EDIZIONI VÀNVERE","Italy","vanvere.edizioni@gmail.com"
"EDITRICE VELAR SRL","Italy","andrea@velar.it"
"XTEAM SOFTWARE SOLUTIONS","Italy","xteam@xteamsoftware.com"
"ZOOLIBRI DI RABITTI CORRADO","Italy","press@zoolibri.com"
"EGMONT PUBLISHING LATVIJA","Latvia","corporateweb@egmont.com"
"LATVIAN LITERATURE CENTRE","Latvia","centre@literature.lv"
"LIELS UN MAZS","Latvia","pasts@lielsmazs.lv"
"ACADEMIA INTERNATIONAL S.A.L.","Lebanon","academia@dm.net.lb"
"DAR ALHADAEK","Lebanon","nadia.alameh@alhadaekgroup.com"
"DAR KREIDIEH","Lebanon","hani@darkreidieh.com"
"ALMA LITTERA","Lithuania","a.akstiniene@sviesa.lt"
"EGMONT PUBLISHING LIETUVA","Lithuania","corporateweb@egmont.com"
"JUSU FLINTAS","Lithuania","andrius@flintas.lt"
"LITHUANIAN CULTURE INSTITUTE","Lithuania","info@lithuanianculture.lt"
"SPAUDOS PRAKTIKA","Lithuania","spauda@repro.lt"
"KULTURA A.D","Fyrom","ipkultura@kultura.com.mk"
"TOPER DOOEL","Fyrom","toper@toper-book.com.mk"
"MIND TO MIND","Malaysia","admin@mindtomind.com.my;shen@mindtomind.com.my"
"PERBADANAN KOTA BUKU","Malaysia","rights@kotabuku.my;norhayati@kotabuku.my"
"3 ABEJAS S.A.","Mexico","m.aguilar.3abejas@gmail.com"
"EDICIONES CASTILLO  S.A. DE C.V.","Mexico","mmendia@grupomacmillan.com"
"CIDCLI","Mexico","elica@prodigy.net.mx"
"EDICIONES EL NARANJO","Mexico","pdelgado@edicioneselnaranjo.com.mx"
"FONDO DE CULTURA ECONÓMICA - MÉXICO","Mexico","svenegas@fondodeculturaeconomica.com"
"MEXICAN CHAMBER FOR THE NATIONAL PUBLISHING INDUSTRY","Mexico","feriasinternacionales@caniem.com"
"NOSTRA EDICIONES S.A. DE C.V.","Mexico","contacto@nostraediciones.com"
"EDITORIAL OCÉANO DE MÉXICO  S.A. DE C.V.","Mexico",""
"PETRA EDICIONES","Mexico","petra@petraediciones.com"
"EDICIONES TECOLOTE","Mexico","tecolote@edicionestecolote.com"
"NIGERIAN BOOK FAIR TRUST","Nigeria","info@nibfng.org"
"ABLEMAGIC AS","Norway","contact@ablemagic.no"
"H. ASCHEHOUG &amp; CO. (W. NYGAARD)","Norway","post@aschehoug.no"
"CAPPELEN DAMM","Norway","foreignrights@cappelendamm.no"
"EGMONT PUBLISHING NORWAY/EGMONT KIDS MEDIA","Norway","corporateweb@egmont.com"
"GYLDENDAL BARN &amp; UNGDOM","Norway","foreignrights@gyldendal.no"
"MAGIKON","Norway","svein@magikon.no"
"NORLA - NORWEGIAN LITERATURE ABROAD","Norway","firmapost@norla.no"
"RETTORE AS","Norway","mail@rettore.no"
"SCHOLASTIC NEW ZEALAND LTD.","New Zealand",""
"BOEKIEBOEKIE","Netherlands","jm@boekie-boekie.nl"
"DUTCH FOUNDATION FOR LITERATURE","Netherlands","post@letterenfonds.nl"
"EM QUERIDO'S UITGEVERIJ B.V.","Netherlands","rights@wpgmedia.nl"
"GOTTMER PUBLISHING GROUP","Netherlands","info@gottmer.nl"
"IMAGE BOOKS FACTORY BV","Netherlands","Maurice.Zant@imagebooks.nl;info@imagebooks.nl;"
"LEMNISCAAT B.V.","Netherlands","foreignrights@lemniscaat.nl"
"LEOPOLD PUBLISHING AND PLOEGSMA PUBLISHING","Netherlands","rights@leopold.nl;rights@ploegsma.nl"
"MERCIS PUBLISHING  BV","Netherlands","caroliendeblieck@mercis.nl"
"MIDDERNACHT PERS","Netherlands","kinderboek@middernachtpers.nl"
"REBO INTERNATIONAL B.V.","Netherlands","info@rebo-publishers.com;international@rebo.cz,"
"RUBINSTEIN PUBLISHING","Netherlands","info@rubinstein.nl"
"UITGEVERIJ DE FONTEIN","Netherlands","jvandeleur@uitgeverijdefontein.nl"
"UNIEBOEK / HET SPECTRUM","Netherlands","annemieke.krug@unieboekspectrum.nl"
"DE VIER WINDSTREKEN","Netherlands","bob.markus@vierwindstreken.com"
"TAMER INSTITUTE FOR COMMUNITY EDUCATION","Palestine","tamer@palnet.com"
"AGENCJA PROMOCYJNA OKO IWONA HABERNY","Poland","iwona@haberny.pl"
"AMEET SP. Z O.O","Poland","ameet@ameet.pl"
""BOSZ" SZYMANIK I WSPÓLNICY SPÓTKA JAWNA","Poland",""
"WYDAWNICTWO DEBIT SP. J.","Poland","wyddebit@bb.onet.pl"
"DTAGENCY","Poland","mariusz@dtagency.pl"
"DWIE SIOSTRY WYDAWNICTWO","Poland","k.domanska@wydawnictwodwiesiostry.pl"
"EDGARD MARIUSZ JACHIMCZUK","Poland","edgard@edgard.pl"
"EDYCJA SWIETEGO PAWLA","Poland","edycja@edycja.com.pl"
"EGMONT PUBLISHING POLAND","Poland","corporateweb@egmont.com"
"FIRMA KSIEGARSKA OLESIEJUK SPOLKA Z OGRANICZONA
ODPOWIEDZIALNOSCIA ...","Poland","wydawnictwo@olesiejuk.pl;a.lach@olesiejuk.pl"
"FRYDERYK CHOPIN INSTITUTE","Poland","akosior@nifc.pl"
"GEREON SP.Z0.0","Poland","wydawnictwo@gereon.com"
"GRYF DIRECT","Poland","mariusz.rolka@gryfdirect.pl"
"IBBY POLISH SECTION","Poland","ibby@ibby.pl"
"LADNE HALO","Poland","wydawnictwo@ladne-halo.pl"
"MEDIA RODZINA","Poland","promocja@mediarodzina.pl"
"JERZY MOSTOWSKI PUBLISHING","Poland","awm@morex.com.pl"
"MUCHOMOR","Poland","askowronska@muchomor.pl"
"MULTICO OFICYNA WYDAWNICZA SP. Z O.O.","Poland",""
"NASZA KSIEGARNIA","Poland","office@nk.com.pl"
"OZGRAF - OLSZTYNSKIE ZAKLADY GRAFICZNE","Poland","ozgraf@ozgraf.com.pl"
"POLAWIACZE PEREL","Poland","d.zukowska@polawiaczeperel.com.pl"
"THE POLISH BOOK INSTITUTE","Poland","office@bookinstitute.pl"
"PUBLICAT","Poland","publicat@publicat.pl"
"INTERNATIONAL BOOK FAIR IN KRAKOW - TARGI W KRAKOWIE ...","Poland","kmiecik@targi.krakow.pl"
"WIDNOKRAG","Poland","kontakt@wydawnictwo-widnokrag.pl"
"WROCLAWSKIE WYDAWNICTWO WARSTWY","Poland","warstwy@wydawnictwowarstwy.pl"
"WYDAWNICTWO AA","Poland","wydawnictwo@aa.com.pl"
"WYTWÓRNIA","Poland","magdalenaklos@wytwornia.com"
"WYDAWNICTWO ZIELONA SOWA","Poland","marta.broniarek@zielonasowa.pl"
"SPOLECZNY INSTYTUT WYDAWNICZY ZNAK","Poland","talar@znak.com.pl"
"APPGENERATION- SOFTWARE TECHNOLOGIES  LTD.","Portugal","info@appgeneration.com"
"ORFEU NEGRO","Portugal","info@orfeunegro.org"
"PATO LÓGICO EDIÇÕES","Portugal","contacto@pato-logico.com"
"PLANETA TANGERINA","Portugal","geral@planetatangerina.com"
"PORTUGAL - DGLAB - DIREÇÃO GERAL DO LIVRO  DOS ARQUIVOS ...","Portugal","assuncao.mendonca@dglab.gov.pt"
"ZERO A OITO","Portugal","rita.moura@zeroaoito.pt"
"EGMONT PUBLISHING ROMANIA","Romania","corporateweb@egmont.com"
"MINISTRY OF CULTURE OF ROMANIA","Romania","cabinet.ministru@cultura.ro"
"GABY BOOKS SRL","San Marino","info@gabybooks.com"
"BAKAME EDITIONS","Rwanda","info@bakame.rw"
"LTD UMNAIA BUBAGA (THE CLEVER PAPER)","Russia","umbum@umbum.ru;info@cleverpaper.org"
"EGMONT PUBLISHING RUSSIA","Russia","corporateweb@egmont.com"
"MOZAIKA-SINTEZ EDUCATIONAL PUBLISHING HOUSE","Russia","magay@msbook.ru"
"NASTYA AND NIKITA","Russia","info@detknigi.ru"
"PHOENIX PUBLISHING HOUSE RUSSIA","Russia","phoenix.foreignrights@yandex.ru"
""PUBLISHING HOUSE" PROF-PRESS" LTD.","Russia","book@prof-press.ru"
"RUSSIA","Russia","dedey1973@gmail.com"
"SERAFIM &amp; SOFIA","Russia","post@serafim-sofia.ru"
"TRADE HOUSE "BELY GOROD"","Russia","td.belygorod@belygorod.ru"
"ABIS EDITIONS","Senegal","abiseditions@yahoo.com"
"EDITIONS NARA","Senegal","editionsnara@yahoo.fr"
"EVRO BOOK","Serbia","zoran@evro-giunti.com"
"KREATIVNI CENTAR","Serbia","dejan.begovic@kreativnicentar.rs, rights@kreativnicentar.rs"
"PCELICA PUBLISHING HOUSE","Serbia","nikola.tomasevic@pcelica.rs;office@pcelica.rs"
"AK PUBLISHING PTE LTD.","Singapore","sally@ak-publish.com"
"ANNETTE TISON PTE. LTD.","Singapore","publishing@annettetison.com"
"APPSGO PTE. LTD.","Singapore","vincent.laugier@ltlinteractive.com"
"ARMOUR PUBLISHING PTE LTD.","Singapore","christina@armourpublishing.com"
"ENGLISH CORNER PUBLISHING PTE LTD","Singapore","tanbetty@englishcorner.sg"
"EPIGRAM BOOKS PTE LTD.","Singapore","edmund@epigrambooks.sg"
"MARSHALL CAVENDISH EDUCATIONAL PTE LTD.","Singapore","gllim@mceducation.com"
"PUSTAKA NATIONAL PTE LTD.","Singapore","pustakanasional@me.com"
"SEPTEMBER 21 ENTERPRISE PTE LTD.","Singapore","chewyeh@september21.com.sg"
"SHING LEE PUBLISHERS PTE LTD.","Singapore","shingwoei@shinglee.com.sg"
"SINGAPORE BOOK PUBLISHERS ASSOCIATION","Singapore","info@singaporebookpublishers.sg"
"STAR PUBLISHING PTE LTD.","Singapore","zmeng@starpub.com.sg"
"BIBIANA - INTERNATIONAL HOUSE OF ART FOR CHILDREN","Slovakia","bib@bibiana.sk"
"VYDAVATELSTVO BUVIK  S.R.O.","Slovakia","buvik@buvik.sk"
"SLOVAKIA - LITERÁRNE INFORMACNÉ CENTRUM","Slovakia","ludia@litcentrum.sk"
"SLOVART PUBLISHING  LTD.","Slovakia","pobox@slovart.sk"
"MLADINSKA KNJIGA ZALOZBA","Slovenia",""
"MORFEMPLUS DOO","Slovenia","peter@morfem.si"
"SLOVENIAN BOOK AGENCY","Slovenia","gp.jakrs@jakrs.si"
"STRIP ART FEATURES","Slovenia","info@safcomics.com"
"A BUEN PASO","Spain","ariannasq@gmail.com"
"ALGAR EDITORIAL","Spain","carol@bromera.com"
"ANDANA EDITORIAL","Spain","andana@andana.net"
"ASSOCIACIÓ D'EDITORS EN LLENGUA CATALANA","Spain","info@editors.cat"
"BABIDI-BÚ","Spain","info@babidibulibros.com"
"EDITORIAL BARCANOVA  S.A.","Spain","barcanova@barcanova.cat"
"BARCELONA MULTIMEDIA","Spain","directa@bcnmultimedia.com"
"EDICIONS BROMERA","Spain","carol@bromera.com"
"EDITORIAL CASALS","Spain","rights@editorialbambu.com"
"ALMADRABA - CASTELLNOU","Spain","drius@hermeseditora.com"
"COMBEL EDITORIAL","Spain","rights@combeleditorial.com"
"EDEBE","Spain","mpalomares@edebe.net"
"EDELVIVES","Spain","info@edelvives.es"
"EDITORIAL FLAMBOYANT","Spain","flamboyant@editorialflamboyant.com"
"EDITORIAL GEU","Spain","export@editorialgeu.com"
"EDITORIAL MEDITERRÀNIA","Spain","editorial@editorialmediterrania.com"
"EKARÉ","Spain","editorial@ekare.com.ve"
"EL JINETE AZUL","Spain","aventuraf54@telefonica.net"
"ESTELLAPRINT","Spain","s.luqui@estellaprint.com"
"ETXEPARE BASQUE INSTITUTE","Spain","k-galartza@etxepare.eus"
"EUSKAL EDITOREEN ELKARTEA
(BASQUE LANGUAGE PUBLISHERS ...","Spain","editoreak@editoreak.com"
"LA GALERA","Spain","lagalera@lagaleraeditorial.com"
"GEMSER PUBLICATIONS S.L.","Spain","mercedes@mercedesros.com"
"GOVERNMENT OF CATALONIA","Spain","info@editors.cat / internacional.icec@gencat.cat"
"GREMIO DE EDITORES DE EUSKADI","Spain","info@editores-euskadi.net"
"GRUP 62 - ESTRELLA POLAR - FANBOOKS","Spain","pcampana@grup62.com"
"ILLUSTRATORS ASSOCIATION - APIC","Spain","info@apic.es"
"INSTITUT D'ESTUDIS BALEÀRICS","Spain","kmueller@iebalearics.org"
"INSTITUT RAMON LLULL","Spain","irl@llull.cat"
"KALADRAKA EDITORA","Spain","editora@kalandraka.com"
"LA FRAGATINA","Spain","info@lafragatina.com"
"LEGUA EDITORIAL","Spain","foreignrights@leguaeditorial.com"
"LIBROS DEL ZORRO ROJO","Spain","alberto.sotelo@librosdelzorrorojo.com"
"EDITORIAL LIBSA  S.A.","Spain","libsa@libsa.es;ventas@libsa.es"
"MEDIA VACA","Spain","mediavaca@mediavaca.net"
"9 GRUP EDITORIAL","Spain","cossetania@cossetania.com"
"NUBEOCHO","Spain","luis@nubeocho.com, miryam@nubeocho.com"
"EDITORIAL OCÉANO S.L.","Spain","info-rights@oceano.com"
"ONADA EDICIONS","Spain","onada@onadaedicions.com"
"PENGUIN RANDOM HOUSE GRUPO EDITORIAL","Spain","bderechosdeautor@penguinrandomhouse.com"
"EDITORIAL PLANETA  S.A","Spain","infoinfantilyjuvenil@planeta.es"
"EDICIONES SALDAÑA; SA","Spain","info@edicionessaldana.com"
"SALLYBOOKS","Spain","sallybooks@sallybooks.es"
"SALVATELLA EDITORIAL ( EDIT.MIGUEL A.SALVATELLA)","Spain","editorial@salvatella.com"
"SM","Spain","comunicacion@grupo-sm.com;internacional@grupo-sm.com"
"FEDERACIÓN DE GREMIOS DE EDITORES DE ESPAÑA","Spain","comext@fge.es"
"SUSAETA EDICIONES  S.A.","Spain","general@susaeta.com"
"TAKATUKA","Spain","patric@takatuka.cat"
"THULE EDICIONES","Spain","info@thuleediciones.com"
"TRAMUNTANA EDITORIAL","Spain","enric@pujolamado.com"
"UNIVERSITY OF SANTIAGO DE COMPOSTELA - CAMPUS CULTURAE ...","Spain","neiracruz@gmail.com"
"XUNTA DE GALICIA","Spain","subdireccion.bibliotecas@xunta.es"
"BUMBLE BOOKS","Republic of South Africa","robin@printmatters.co.za"
"PELMO BOOKS","Republic of South Africa","info@pelmobooks.co.za"
"ALFABETA BOKFÖRLAG AB","Sweden","info@alfabeta.se"
"THE ASTRID LINDGREN MEMORIAL AWARD","Sweden","literatureaward@alma.se"
"BERGHS FÖRLAG AB","Sweden","info@berghsforlag.se"
"BOKFÖRLAGET OPAL AB","Sweden","opal@opal.se"
"BONNIER RIGHTS / BONNIER CARLSEN","Sweden","info@bonnierrights.se"
"BULLS PRESSTJÄNST AB","Sweden","info@rightsandbrands.com"
"EGMONT PUBLISHING SWEDEN","Sweden","corporateweb@egmont.com"
"KABUSA BÖCKER","Sweden","k.aronsson@kabusabocker.se"
"KOJA AGENCY","Sweden","info@kojaagency.com"
"LILLA PIRATFÖRLAGET","Sweden","info@lillapiratforlaget.se"
"MIRANDO BOK","Sweden","info@mirandobok.se"
"NATUR &amp; KULTUR","Sweden","info@nok.se"
"PLUS LICENS AB","Sweden","eva.fagerstedt@pluslicens.se"
"RABÉN &amp; SJÖGREN","Sweden",""
"SALTKRÅKAN AB / SALIKON FÖRLAG AB","Sweden","info@saltkrakan.se"
"SWEDISH ARTS COUNCIL","Sweden","kulturradet@kulturradet.se"
"URAX","Sweden","info@uraxforlag.se"
"ATLANTIS VERLAG IM ORELL FÜSSLI VERLAG","Switzerland","sindhya.bergamin@ofv.ch"
"ATRIUM VERLAG AG","Switzerland","info@vgo-atrium.de"
"BAESCHLIN","Switzerland","verlag@baeschlin.ch"
"BAOBAB BOOKS","Switzerland","info@baobabbooks.ch"
"CALLIGRAM","Switzerland","commercial@calligram.ch"
"DIOGENES VERLAG AG","Switzerland","info@diogenes.ch"
"GLOBI-VERLAG","Switzerland","info@globi.ch"
"GROUPE PAQUET","Switzerland","mc@groupepaquet.net"
"IBBY - INTERNATIONAL BOARD ON BOOKS FOR YOUNG PEOPLE","Switzerland","luzmaria.stauffenegger@ibby.org"
"EDITIONS LA JOIE DE LIRE SA","Switzerland","carina.solari@lajoiedelire.ch"
"KENZAN SA","Switzerland","bcbf@kenzantech.com"
"MIA-MILAN ILLUSTRATIONS AGENCY","Switzerland","info@milan-illustrations.ch"
"MICHAEL NEUGEBAUER MINEDITION RIGHTS+LICENSING AG","Switzerland","mogi@minedition.com"
"NIX-PRODUCTIONS","Switzerland","box@nix-productions.ch"
"NORDSÜD VERLAG AG","Switzerland","info@nord-sued.com"
"EDITIONS NOTARI","Switzerland","luca@editionsnotari.ch"
"NUINUI - SNAKE SA","Switzerland","citonui@gmail.com"
"ORELL FÜSSLI KINDERBUCH","Switzerland","sindhya.bergamin@ofv.ch"
"SCHWEIZER BUCHHÄNDLER-UND VERLEGER-VERBAND SBVV","Switzerland","messen@sbvv.ch"
"ART &amp; COLLECTION GROUP","Taiwan","bogu@artouch.com"
"COMMONWEALTH EDUCATIONAL MEDIA &amp; PUBLISHING CO.  LTD.","Taiwan","peiyingl@cw.com.tw"
"GLOBAL VIEWS - COMMONWEALTH PUBLISHING GROUP","Taiwan","violet@cwgv.com.tw"
"GRIMM PRESS LTD.","Taiwan","grimm_copyright@grimmpress.com.tw;diane_ho@grimmpress.com.tw"
"HERYIN BOOKS  INC.","Taiwan","editor@heryin.com"
"HSIN YI PUBLICATIONS","Taiwan","arni@hsin-yi.org.tw"
"HWAN YIEU ENTERPRISE CO.  LTD.","Taiwan","hwanyieu@ms17.hinet.net;hwan.yieu@msa.hinet.net"
"KIZI LAB INC.","Taiwan","info@kizipad.com"
"LES GOUTTES PRESS  A DIVISION OF CITÉ PUBLISHING LTD.","Taiwan","naili_wang@hmg.com.tw"
"LINKING PUBLISHING COMPANY","Taiwan","linkingrights@udngroup.com"
"LITTLE SOLDIER PUBLISHING COMPANY LTD.","Taiwan","brenda@kiss99.com"
"LOCUS PUBLISHING COMPANY","Taiwan","vinelle@locuspublishing.com"
"TAIPEI BOOK FAIR FOUNDATION","Taiwan","michelle@taipeibookfair.org"
"WALKER CULTURAL CO.  LDT. / LITTLE BEAR BOOKS","Taiwan","yulibookrep@gmail.com.tw"
"YES CREATIVE LTD. TAPEI. TAIWAN","Taiwan","babanire888@gmail.com"
"AGO MÉDIA","Togo","agooo@live.fr"
"DOGAN EGMONT YAYINCILIK A.S.","Turkey","corporateweb@egmont.com"
"EPSILON YAYINCILIK LTD. STI.","Turkey","epsilon@epsilonyayinevi.com"
"SENTRIES TELIF VE LISANS A.S.","Turkey","contact@sentries.com.tr"
"SEV PUBLISHING EDUCATION AND TRADING INC.","Turkey","info@redhouse.com.tr"
"MINISTRY OF CULTURE AND TOURISM REPUBLIC OF TURKEY","Turkey","kygmdisfu@kulturturizm.gov.tr"
"ASTRA PUBLISHING","Ukraine","publish@astradesign.com.ua"
"EGMONT PUBLISHING UKRAINE","Ukraine","corporateweb@egmont.com"
""ELVIK" LIMITED","Ukraine","e-l-vik@mail.ru"
"FOUNTAIN OF FAIRY TALES","Ukraine","info@fontan-book.com"
"GOOD COMPANY","Ukraine","book@g-print.net"
""PUBLISHING HOUSE "PEGASUS"  LTD.","Ukraine","books@pegas-publishing.com.ua"
""RANOK" PUBLISHING HOUSE","Ukraine","office@ranok.com.ua"
"VYDAVNYTSTVO STAROGO LEVA (THE OLD LION PUBLISHING HOUSE)","Ukraine","lev@starlev.com.ua"
"EGMONT PUBLISHING HUNGARY","Hungary","corporateweb@egmont.com"
"GRAPH-ART PUBLISHING HOUSE","Hungary","enemethi@graphart.hu"
"PANNON - LITERATURA LTD.","Hungary","kiado@szalaykonyvek.hu"
"EDITORIAL ¡MÁS PIMIENTA!","Uruguay","editorialmaspimienta@gmail.com"
"URUGUAY","Uruguay","traverso.dicrea@gmail.com"
"ABRAMS","USA","rights@hnabooks.com;kschulze@abramsbooks.com"
"ALBERT WHITMAN &amp; COMPANY","USA","int@albertwhitman.com"
"ALGONQUIN YOUNG READERS","USA","international.inquiries@workman.com"
"AMAZON PUBLISHING","USA","foreignrights@amazon.com"
"AMERICAN COLLECTIVE STAND","USA","info@americancollectivestand.com"
"AZ BOOKS  LLC","USA","info@az-books.com"
"BECKER&amp;MAYER! BOOKS","USA","lisar@beckermayer.com"
"BENDON  INC.","USA","alyssa.obertanec@bendonpub.com"
"BOOK EXPO AMERICA (BEA)","USA","inquiry@bookexpoamerica.com"
"BOOKWORKS LLC","USA","info@bookworksllc.com"
"CAPSTONE","USA","customer.service@capstonepub.com"
"CARL SAMS II PHOTOGRAPHY  INC.","USA","carlsams@carlsams.com"
"CHAMPAGNE WORLD RIGHTS AGENCY","USA","victoria@champagnerights.com"
"CHARLESBRIDGE PUBLISHING","USA","masabia@charlesbridge.com"
"CHILDREN'S BOOKS USA  INC.","USA","info@childrensbooksusa.com"
"CHRONICLE BOOKS","USA","frontdesk@chroniclebooks.com"
"COMBINED BOOK EXHIBIT","USA","info@combinedbook.com"
"COMPASS PUBLISHING &amp; WOONGJIN THINK BIG","USA","info@compasspub.com"
"THE CREATIVE COMPANY","USA","tjpeterson@thecreativecompany.us"
"DC ENTERTAINMENT","USA","sandy.resnick@dccomics.com"
"DEVRIAN INNOVATIONS  LLC","USA","clyons@hgusa.com"
"DISNEY HYPERION","USA","jenmarie.delcarpio@disney.com"
"DNP AMERICA  LLC","USA","Itou-s20@mail.dnp.co.jp"
"EERDMANS BOOKS FOR YOUNG READERS","USA","sales@eerdmans.com"
"ENCHANTED LION BOOKS","USA","enchantedlion@gmail.com"
"FAMILIUS","USA","christopher@familius.com"
"FARRAR  STRAUS &amp; GIROUX BOOKS FOR YOUNG READERS","USA","childrensrights@macmillanusa.com"
"FEIWEL &amp; FRIENDS","USA","childrensrights@macmillanusa.com"
"FIRST SECOND","USA","childrensrights@macmillanusa.com"
"FOREWORD REVIEWS COLLECTIVE","USA","victoria@forewordreviews.com"
"FREE SPIRIT PUBLISHING","USA","rights@freespirit.com"
"GIBBS SMITH AND BABYLIT","USA","info@gibbs-smith.com"
"GOOGLE","USA","leslie@bulleitgroup.com"
"HARPERCOLLINS CHILDREN'S BOOKS","USA",""
"HASBRO  INC.","USA","michael.kelly@hasbro.com"
"SYLVIA HAYSE LITERARY AGENCY  LLC.","USA","hayses@caat.com"
"HENU STUDIO PVT LTD.","USA","debashish@henustudio.com;henu@henustudio.com"
"HIGHLIGHTS FOR CHILDREN INTERNATIONAL  INC.","USA","international@highlights.com"
"HOLIDAY HOUSE  INC.","USA","editorial@holidayhouse.com"
"HENRY HOLT BOOKS FOR YOUNG READERS","USA","childrensrights@macmillanusa.com"
"HOUGHTON MIFFLIN HARCOURT PUBLISHING COMPANY","USA","candace.finn@hmhco.com"
"IMPRINT","USA","childrensrights@macmillanusa.com"
"INGRAM CONTENT GROUP","USA",""
"INSIGHT EDITIONS","USA","e.bradfield@insighteditions.com"
"JNJ AGENCY","USA","ajacob@jnjagency.com"
"JUMPING JACK PRESS","USA","georgew@upwithpaper.com"
"LERNER PUBLISHING GROUP - CAROLRHODA BOOKS","USA","mkjoller@lernerbooks.com"
"LITFIRE PUBLISHING","USA","marketing@litfirepublishing.com"
"LITTLE BEE BOOKS","USA","info@littlebeebooks.com"
"LITTLE  BROWN BOOKS FOR YOUNG READERS","USA","rights@lbchildrens.com"
"LITTLE PIKLE PRESS","USA","customerservice@littlepicklepress.com"
"MACMILLAN CHILDREN'S PUBLISHING GROUP","USA","childrensrights@macmillanusa.com"
"MAGINATION PRESS/AMERICAN PSYCHOLOGICAL ASSOCIATION","USA","kenderle@apa.org"
"MARIPOSA PRESS","USA","laurieblumguest@mariposapress.com"
"MIGHTY MEDIA PRESS","USA","nancy@mightymedia.com"
"THE MUSEUM OF MODERN ART  NEW YORK","USA","moma_publications@moma.org"
"NATIONAL GEOGRAPHIC/NATIONAL GEOGRAPHIC CHILDREN'S BOOKS","USA","gordon.fournier@natgeo.com"
"NICKELODEON GLOBAL PUBLISHING","USA",""
"PAPERCUTZ/NBM GRAPHIC NOVELS","USA","nantier@papercutz.com"
"PEACHTREE PUBLISHERS","USA","gehy@peachtree-online.com"
"PENGUIN RANDOM HOUSE","USA",""
"PENGUIN YOUNG READERS GROUP (USA)  A DIVISION OF PENGUIN ...","USA","penguinyr.subrights@us.penguingroup.com"
"PHOENIX INTERNATIONAL PUBLICATIONS","USA","dblaesing@pikidsmedia.com"
"PUBLISHERS WEEKLY MAGAZINE","USA",""
"RANDOM HOUSE CHILDREN'S BOOKS  U.S.","USA",""
"RIGGINS INTERNATIONAL RIGHTS SERVICES  INC.","USA","rights@rigginsrights.com"
"RIPLEY ENTERTAINMENT INC.","USA","webb@ripleys.com;publishing@ripleys.com"
"ROARING BROOK PRESS","USA","childrensrights@macmillanusa.com"
"RONSHIN GROUP C/O TOPPAN VITE","USA","rongxin_wushasha@126.com"
"SCHOLASTIC  INC.","USA",""
"SHADOW MOUNTAIN PUBLISHING","USA","rights@shadowmountain.com"
"SIMON &amp; SCHUSTER CHILDREN'S PUBLISHING","USA","sschildrensubrights@simonandschuster.com"
"SOCIETY OF CHILDREN'S BOOK WRITERS &amp; ILLUSTRATORS","USA","scbwi@scbwi.org"
"SOURCEBOOKS  INC.","USA","stephanie.graham@sourcebooks.com"
"STERLING PUBLISHING CO.  INC.","USA","mkretzer@sterlingpublishing.com"
"THE CLEVER FACTORY  INC.","USA","sean.buckley@cleverfactory.com"
"WARNER BROS GLOBAL PUBLISHING","USA","elaine.piechowski@warnerbros.com"
"WORKMAN PUBLISHING CO.","USA","international.inquiries@workman.com"
"YOYO BOOKS / BIG BOX ENTERTAINMENT","USA","publishing@yoyo-books.com"
"ZEST BOOKS","USA","hallie@zestbooks.net"